-- MySQL dump 10.13  Distrib 5.6.50, for Linux (x86_64)
--
-- Host: localhost    Database: corpusall
-- ------------------------------------------------------
-- Server version	5.6.50-log

/*!40101 SET @OLD_CHARACTER_SET_CLIENT=@@CHARACTER_SET_CLIENT */;
/*!40101 SET @OLD_CHARACTER_SET_RESULTS=@@CHARACTER_SET_RESULTS */;
/*!40101 SET @OLD_COLLATION_CONNECTION=@@COLLATION_CONNECTION */;
/*!40101 SET NAMES utf8 */;
/*!40103 SET @OLD_TIME_ZONE=@@TIME_ZONE */;
/*!40103 SET TIME_ZONE='+00:00' */;
/*!40014 SET @OLD_UNIQUE_CHECKS=@@UNIQUE_CHECKS, UNIQUE_CHECKS=0 */;
/*!40014 SET @OLD_FOREIGN_KEY_CHECKS=@@FOREIGN_KEY_CHECKS, FOREIGN_KEY_CHECKS=0 */;
/*!40101 SET @OLD_SQL_MODE=@@SQL_MODE, SQL_MODE='NO_AUTO_VALUE_ON_ZERO' */;
/*!40111 SET @OLD_SQL_NOTES=@@SQL_NOTES, SQL_NOTES=0 */;

--
-- Table structure for table `core_store`
--

DROP TABLE IF EXISTS `core_store`;
/*!40101 SET @saved_cs_client     = @@character_set_client */;
/*!40101 SET character_set_client = utf8 */;
CREATE TABLE `core_store` (
  `id` int(10) unsigned NOT NULL AUTO_INCREMENT,
  `key` varchar(255) DEFAULT NULL,
  `value` longtext,
  `type` varchar(255) DEFAULT NULL,
  `environment` varchar(255) DEFAULT NULL,
  `tag` varchar(255) DEFAULT NULL,
  PRIMARY KEY (`id`) USING BTREE
) ENGINE=InnoDB AUTO_INCREMENT=32 DEFAULT CHARSET=utf8 ROW_FORMAT=DYNAMIC;
/*!40101 SET character_set_client = @saved_cs_client */;

--
-- Dumping data for table `core_store`
--

LOCK TABLES `core_store` WRITE;
/*!40000 ALTER TABLE `core_store` DISABLE KEYS */;
INSERT INTO `core_store` VALUES (1,'model_def_strapi::core-store','{\"uid\":\"strapi::core-store\",\"collectionName\":\"core_store\",\"info\":{\"name\":\"core_store\",\"description\":\"\"},\"options\":{\"timestamps\":false},\"pluginOptions\":{\"content-manager\":{\"visible\":false},\"content-type-builder\":{\"visible\":false}},\"attributes\":{\"key\":{\"type\":\"string\"},\"value\":{\"type\":\"text\"},\"type\":{\"type\":\"string\"},\"environment\":{\"type\":\"string\"},\"tag\":{\"type\":\"string\"}}}','object',NULL,NULL),(2,'model_def_strapi::webhooks','{\"uid\":\"strapi::webhooks\",\"collectionName\":\"strapi_webhooks\",\"info\":{\"name\":\"Strapi webhooks\",\"description\":\"\"},\"options\":{\"timestamps\":false},\"pluginOptions\":{\"content-manager\":{\"visible\":false},\"content-type-builder\":{\"visible\":false}},\"attributes\":{\"name\":{\"type\":\"string\"},\"url\":{\"type\":\"text\"},\"headers\":{\"type\":\"json\"},\"events\":{\"type\":\"json\"},\"enabled\":{\"type\":\"boolean\"}}}','object',NULL,NULL),(3,'model_def_strapi::permission','{\"uid\":\"strapi::permission\",\"collectionName\":\"strapi_permission\",\"kind\":\"collectionType\",\"info\":{\"name\":\"Permission\",\"description\":\"\"},\"options\":{\"timestamps\":[\"created_at\",\"updated_at\"]},\"pluginOptions\":{\"content-manager\":{\"visible\":false},\"content-type-builder\":{\"visible\":false}},\"attributes\":{\"action\":{\"type\":\"string\",\"minLength\":1,\"configurable\":false,\"required\":true},\"subject\":{\"type\":\"string\",\"minLength\":1,\"configurable\":false,\"required\":false},\"properties\":{\"type\":\"json\",\"configurable\":false,\"required\":false,\"default\":{}},\"conditions\":{\"type\":\"json\",\"configurable\":false,\"required\":false,\"default\":[]},\"role\":{\"configurable\":false,\"model\":\"role\",\"plugin\":\"admin\"}}}','object',NULL,NULL),(4,'model_def_strapi::role','{\"uid\":\"strapi::role\",\"collectionName\":\"strapi_role\",\"kind\":\"collectionType\",\"info\":{\"name\":\"Role\",\"description\":\"\"},\"options\":{\"timestamps\":[\"created_at\",\"updated_at\"]},\"pluginOptions\":{\"content-manager\":{\"visible\":false},\"content-type-builder\":{\"visible\":false}},\"attributes\":{\"name\":{\"type\":\"string\",\"minLength\":1,\"unique\":true,\"configurable\":false,\"required\":true},\"code\":{\"type\":\"string\",\"minLength\":1,\"unique\":true,\"configurable\":false,\"required\":true},\"description\":{\"type\":\"string\",\"configurable\":false},\"users\":{\"configurable\":false,\"collection\":\"user\",\"via\":\"roles\",\"plugin\":\"admin\",\"attribute\":\"user\",\"column\":\"id\",\"isVirtual\":true},\"permissions\":{\"configurable\":false,\"plugin\":\"admin\",\"collection\":\"permission\",\"via\":\"role\",\"isVirtual\":true}}}','object',NULL,NULL),(5,'model_def_strapi::user','{\"uid\":\"strapi::user\",\"collectionName\":\"strapi_administrator\",\"kind\":\"collectionType\",\"info\":{\"name\":\"User\",\"description\":\"\"},\"options\":{\"timestamps\":false},\"pluginOptions\":{\"content-manager\":{\"visible\":false},\"content-type-builder\":{\"visible\":false}},\"attributes\":{\"firstname\":{\"type\":\"string\",\"unique\":false,\"minLength\":1,\"configurable\":false,\"required\":false},\"lastname\":{\"type\":\"string\",\"unique\":false,\"minLength\":1,\"configurable\":false,\"required\":false},\"username\":{\"type\":\"string\",\"unique\":false,\"configurable\":false,\"required\":false},\"email\":{\"type\":\"email\",\"minLength\":6,\"configurable\":false,\"required\":true,\"unique\":true,\"private\":true},\"password\":{\"type\":\"password\",\"minLength\":6,\"configurable\":false,\"required\":false,\"private\":true},\"resetPasswordToken\":{\"type\":\"string\",\"configurable\":false,\"private\":true},\"registrationToken\":{\"type\":\"string\",\"configurable\":false,\"private\":true},\"isActive\":{\"type\":\"boolean\",\"default\":false,\"configurable\":false,\"private\":true},\"roles\":{\"collection\":\"role\",\"collectionName\":\"strapi_users_roles\",\"via\":\"users\",\"dominant\":true,\"plugin\":\"admin\",\"configurable\":false,\"private\":true,\"attribute\":\"role\",\"column\":\"id\",\"isVirtual\":true},\"blocked\":{\"type\":\"boolean\",\"default\":false,\"configurable\":false,\"private\":true},\"preferedLanguage\":{\"type\":\"string\",\"configurable\":false,\"required\":false}}}','object',NULL,NULL),(6,'model_def_plugins::users-permissions.permission','{\"uid\":\"plugins::users-permissions.permission\",\"collectionName\":\"users-permissions_permission\",\"kind\":\"collectionType\",\"info\":{\"name\":\"permission\",\"description\":\"\"},\"options\":{\"timestamps\":false},\"pluginOptions\":{\"content-manager\":{\"visible\":false}},\"attributes\":{\"type\":{\"type\":\"string\",\"required\":true,\"configurable\":false},\"controller\":{\"type\":\"string\",\"required\":true,\"configurable\":false},\"action\":{\"type\":\"string\",\"required\":true,\"configurable\":false},\"enabled\":{\"type\":\"boolean\",\"required\":true,\"configurable\":false},\"policy\":{\"type\":\"string\",\"configurable\":false},\"role\":{\"model\":\"role\",\"via\":\"permissions\",\"plugin\":\"users-permissions\",\"configurable\":false},\"created_by\":{\"model\":\"user\",\"plugin\":\"admin\",\"configurable\":false,\"writable\":false,\"visible\":false,\"private\":true},\"updated_by\":{\"model\":\"user\",\"plugin\":\"admin\",\"configurable\":false,\"writable\":false,\"visible\":false,\"private\":true}}}','object',NULL,NULL),(7,'model_def_plugins::users-permissions.role','{\"uid\":\"plugins::users-permissions.role\",\"collectionName\":\"users-permissions_role\",\"kind\":\"collectionType\",\"info\":{\"name\":\"role\",\"description\":\"\"},\"options\":{\"timestamps\":false},\"pluginOptions\":{\"content-manager\":{\"visible\":false}},\"attributes\":{\"name\":{\"type\":\"string\",\"minLength\":3,\"required\":true,\"configurable\":false},\"description\":{\"type\":\"string\",\"configurable\":false},\"type\":{\"type\":\"string\",\"unique\":true,\"configurable\":false},\"permissions\":{\"collection\":\"permission\",\"via\":\"role\",\"plugin\":\"users-permissions\",\"configurable\":false,\"isVirtual\":true},\"users\":{\"collection\":\"user\",\"via\":\"role\",\"configurable\":false,\"plugin\":\"users-permissions\",\"isVirtual\":true},\"created_by\":{\"model\":\"user\",\"plugin\":\"admin\",\"configurable\":false,\"writable\":false,\"visible\":false,\"private\":true},\"updated_by\":{\"model\":\"user\",\"plugin\":\"admin\",\"configurable\":false,\"writable\":false,\"visible\":false,\"private\":true}}}','object',NULL,NULL),(8,'model_def_plugins::users-permissions.user','{\"uid\":\"plugins::users-permissions.user\",\"collectionName\":\"users-permissions_user\",\"kind\":\"collectionType\",\"info\":{\"name\":\"user\",\"description\":\"\"},\"options\":{\"draftAndPublish\":false,\"timestamps\":[\"created_at\",\"updated_at\"]},\"attributes\":{\"username\":{\"type\":\"string\",\"minLength\":3,\"unique\":true,\"configurable\":false,\"required\":true},\"email\":{\"type\":\"email\",\"minLength\":6,\"configurable\":false,\"required\":true},\"provider\":{\"type\":\"string\",\"configurable\":false},\"password\":{\"type\":\"password\",\"minLength\":6,\"configurable\":false,\"private\":true},\"resetPasswordToken\":{\"type\":\"string\",\"configurable\":false,\"private\":true},\"confirmationToken\":{\"type\":\"string\",\"configurable\":false,\"private\":true},\"confirmed\":{\"type\":\"boolean\",\"default\":false,\"configurable\":false},\"blocked\":{\"type\":\"boolean\",\"default\":false,\"configurable\":false},\"role\":{\"model\":\"role\",\"via\":\"users\",\"plugin\":\"users-permissions\",\"configurable\":false},\"created_by\":{\"model\":\"user\",\"plugin\":\"admin\",\"configurable\":false,\"writable\":false,\"visible\":false,\"private\":true},\"updated_by\":{\"model\":\"user\",\"plugin\":\"admin\",\"configurable\":false,\"writable\":false,\"visible\":false,\"private\":true}}}','object',NULL,NULL),(9,'model_def_plugins::upload.file','{\"uid\":\"plugins::upload.file\",\"collectionName\":\"upload_file\",\"kind\":\"collectionType\",\"info\":{\"name\":\"file\",\"description\":\"\"},\"options\":{\"timestamps\":[\"created_at\",\"updated_at\"]},\"pluginOptions\":{\"content-manager\":{\"visible\":false},\"content-type-builder\":{\"visible\":false}},\"attributes\":{\"name\":{\"type\":\"string\",\"configurable\":false,\"required\":true},\"alternativeText\":{\"type\":\"string\",\"configurable\":false},\"caption\":{\"type\":\"string\",\"configurable\":false},\"width\":{\"type\":\"integer\",\"configurable\":false},\"height\":{\"type\":\"integer\",\"configurable\":false},\"formats\":{\"type\":\"json\",\"configurable\":false},\"hash\":{\"type\":\"string\",\"configurable\":false,\"required\":true},\"ext\":{\"type\":\"string\",\"configurable\":false},\"mime\":{\"type\":\"string\",\"configurable\":false,\"required\":true},\"size\":{\"type\":\"decimal\",\"configurable\":false,\"required\":true},\"url\":{\"type\":\"string\",\"configurable\":false,\"required\":true},\"previewUrl\":{\"type\":\"string\",\"configurable\":false},\"provider\":{\"type\":\"string\",\"configurable\":false,\"required\":true},\"provider_metadata\":{\"type\":\"json\",\"configurable\":false},\"related\":{\"collection\":\"*\",\"filter\":\"field\",\"configurable\":false},\"created_by\":{\"model\":\"user\",\"plugin\":\"admin\",\"configurable\":false,\"writable\":false,\"visible\":false,\"private\":true},\"updated_by\":{\"model\":\"user\",\"plugin\":\"admin\",\"configurable\":false,\"writable\":false,\"visible\":false,\"private\":true}}}','object',NULL,NULL),(10,'model_def_plugins::i18n.locale','{\"uid\":\"plugins::i18n.locale\",\"collectionName\":\"i18n_locales\",\"kind\":\"collectionType\",\"info\":{\"name\":\"locale\",\"description\":\"\"},\"options\":{\"timestamps\":[\"created_at\",\"updated_at\"]},\"pluginOptions\":{\"content-manager\":{\"visible\":false},\"content-type-builder\":{\"visible\":false}},\"attributes\":{\"name\":{\"type\":\"string\",\"min\":1,\"max\":50,\"configurable\":false},\"code\":{\"type\":\"string\",\"unique\":true,\"configurable\":false},\"created_by\":{\"model\":\"user\",\"plugin\":\"admin\",\"configurable\":false,\"writable\":false,\"visible\":false,\"private\":true},\"updated_by\":{\"model\":\"user\",\"plugin\":\"admin\",\"configurable\":false,\"writable\":false,\"visible\":false,\"private\":true}}}','object',NULL,NULL),(11,'plugin_users-permissions_grant','{\"email\":{\"enabled\":true,\"icon\":\"envelope\"},\"discord\":{\"enabled\":false,\"icon\":\"discord\",\"key\":\"\",\"secret\":\"\",\"callback\":\"/auth/discord/callback\",\"scope\":[\"identify\",\"email\"]},\"facebook\":{\"enabled\":false,\"icon\":\"facebook-square\",\"key\":\"\",\"secret\":\"\",\"callback\":\"/auth/facebook/callback\",\"scope\":[\"email\"]},\"google\":{\"enabled\":false,\"icon\":\"google\",\"key\":\"\",\"secret\":\"\",\"callback\":\"/auth/google/callback\",\"scope\":[\"email\"]},\"github\":{\"enabled\":false,\"icon\":\"github\",\"key\":\"\",\"secret\":\"\",\"callback\":\"/auth/github/callback\",\"scope\":[\"user\",\"user:email\"]},\"microsoft\":{\"enabled\":false,\"icon\":\"windows\",\"key\":\"\",\"secret\":\"\",\"callback\":\"/auth/microsoft/callback\",\"scope\":[\"user.read\"]},\"twitter\":{\"enabled\":false,\"icon\":\"twitter\",\"key\":\"\",\"secret\":\"\",\"callback\":\"/auth/twitter/callback\"},\"instagram\":{\"enabled\":false,\"icon\":\"instagram\",\"key\":\"\",\"secret\":\"\",\"callback\":\"/auth/instagram/callback\",\"scope\":[\"user_profile\"]},\"vk\":{\"enabled\":false,\"icon\":\"vk\",\"key\":\"\",\"secret\":\"\",\"callback\":\"/auth/vk/callback\",\"scope\":[\"email\"]},\"twitch\":{\"enabled\":false,\"icon\":\"twitch\",\"key\":\"\",\"secret\":\"\",\"callback\":\"/auth/twitch/callback\",\"scope\":[\"user:read:email\"]},\"linkedin\":{\"enabled\":false,\"icon\":\"linkedin\",\"key\":\"\",\"secret\":\"\",\"callback\":\"/auth/linkedin/callback\",\"scope\":[\"r_liteprofile\",\"r_emailaddress\"]},\"cognito\":{\"enabled\":false,\"icon\":\"aws\",\"key\":\"\",\"secret\":\"\",\"subdomain\":\"my.subdomain.com\",\"callback\":\"/auth/cognito/callback\",\"scope\":[\"email\",\"openid\",\"profile\"]},\"reddit\":{\"enabled\":false,\"icon\":\"reddit\",\"key\":\"\",\"secret\":\"\",\"state\":true,\"callback\":\"/auth/reddit/callback\",\"scope\":[\"identity\"]},\"auth0\":{\"enabled\":false,\"icon\":\"\",\"key\":\"\",\"secret\":\"\",\"subdomain\":\"my-tenant.eu\",\"callback\":\"/auth/auth0/callback\",\"scope\":[\"openid\",\"email\",\"profile\"]},\"cas\":{\"enabled\":false,\"icon\":\"book\",\"key\":\"\",\"secret\":\"\",\"callback\":\"/auth/cas/callback\",\"scope\":[\"openid email\"],\"subdomain\":\"my.subdomain.com/cas\"}}','object','',''),(12,'plugin_upload_settings','{\"sizeOptimization\":true,\"responsiveDimensions\":true}','object','development',''),(13,'plugin_content_manager_configuration_content_types::strapi::permission','{\"uid\":\"strapi::permission\",\"settings\":{\"bulkable\":true,\"filterable\":true,\"searchable\":true,\"pageSize\":10,\"mainField\":\"action\",\"defaultSortBy\":\"action\",\"defaultSortOrder\":\"ASC\"},\"metadatas\":{\"id\":{\"edit\":{},\"list\":{\"label\":\"Id\",\"searchable\":true,\"sortable\":true}},\"action\":{\"edit\":{\"label\":\"Action\",\"description\":\"\",\"placeholder\":\"\",\"visible\":true,\"editable\":true},\"list\":{\"label\":\"Action\",\"searchable\":true,\"sortable\":true}},\"subject\":{\"edit\":{\"label\":\"Subject\",\"description\":\"\",\"placeholder\":\"\",\"visible\":true,\"editable\":true},\"list\":{\"label\":\"Subject\",\"searchable\":true,\"sortable\":true}},\"properties\":{\"edit\":{\"label\":\"Properties\",\"description\":\"\",\"placeholder\":\"\",\"visible\":true,\"editable\":true},\"list\":{\"label\":\"Properties\",\"searchable\":false,\"sortable\":false}},\"conditions\":{\"edit\":{\"label\":\"Conditions\",\"description\":\"\",\"placeholder\":\"\",\"visible\":true,\"editable\":true},\"list\":{\"label\":\"Conditions\",\"searchable\":false,\"sortable\":false}},\"role\":{\"edit\":{\"label\":\"Role\",\"description\":\"\",\"placeholder\":\"\",\"visible\":true,\"editable\":true,\"mainField\":\"name\"},\"list\":{\"label\":\"Role\",\"searchable\":true,\"sortable\":true}},\"created_at\":{\"edit\":{\"label\":\"Created_at\",\"description\":\"\",\"placeholder\":\"\",\"visible\":false,\"editable\":true},\"list\":{\"label\":\"Created_at\",\"searchable\":true,\"sortable\":true}},\"updated_at\":{\"edit\":{\"label\":\"Updated_at\",\"description\":\"\",\"placeholder\":\"\",\"visible\":false,\"editable\":true},\"list\":{\"label\":\"Updated_at\",\"searchable\":true,\"sortable\":true}}},\"layouts\":{\"list\":[\"id\",\"action\",\"subject\",\"role\"],\"editRelations\":[\"role\"],\"edit\":[[{\"name\":\"action\",\"size\":6},{\"name\":\"subject\",\"size\":6}],[{\"name\":\"properties\",\"size\":12}],[{\"name\":\"conditions\",\"size\":12}]]}}','object','',''),(14,'plugin_content_manager_configuration_content_types::strapi::role','{\"uid\":\"strapi::role\",\"settings\":{\"bulkable\":true,\"filterable\":true,\"searchable\":true,\"pageSize\":10,\"mainField\":\"name\",\"defaultSortBy\":\"name\",\"defaultSortOrder\":\"ASC\"},\"metadatas\":{\"id\":{\"edit\":{},\"list\":{\"label\":\"Id\",\"searchable\":true,\"sortable\":true}},\"name\":{\"edit\":{\"label\":\"Name\",\"description\":\"\",\"placeholder\":\"\",\"visible\":true,\"editable\":true},\"list\":{\"label\":\"Name\",\"searchable\":true,\"sortable\":true}},\"code\":{\"edit\":{\"label\":\"Code\",\"description\":\"\",\"placeholder\":\"\",\"visible\":true,\"editable\":true},\"list\":{\"label\":\"Code\",\"searchable\":true,\"sortable\":true}},\"description\":{\"edit\":{\"label\":\"Description\",\"description\":\"\",\"placeholder\":\"\",\"visible\":true,\"editable\":true},\"list\":{\"label\":\"Description\",\"searchable\":true,\"sortable\":true}},\"users\":{\"edit\":{\"label\":\"Users\",\"description\":\"\",\"placeholder\":\"\",\"visible\":true,\"editable\":true,\"mainField\":\"firstname\"},\"list\":{\"label\":\"Users\",\"searchable\":false,\"sortable\":false}},\"permissions\":{\"edit\":{\"label\":\"Permissions\",\"description\":\"\",\"placeholder\":\"\",\"visible\":true,\"editable\":true,\"mainField\":\"action\"},\"list\":{\"label\":\"Permissions\",\"searchable\":false,\"sortable\":false}},\"created_at\":{\"edit\":{\"label\":\"Created_at\",\"description\":\"\",\"placeholder\":\"\",\"visible\":false,\"editable\":true},\"list\":{\"label\":\"Created_at\",\"searchable\":true,\"sortable\":true}},\"updated_at\":{\"edit\":{\"label\":\"Updated_at\",\"description\":\"\",\"placeholder\":\"\",\"visible\":false,\"editable\":true},\"list\":{\"label\":\"Updated_at\",\"searchable\":true,\"sortable\":true}}},\"layouts\":{\"list\":[\"id\",\"name\",\"code\",\"description\"],\"editRelations\":[\"users\",\"permissions\"],\"edit\":[[{\"name\":\"name\",\"size\":6},{\"name\":\"code\",\"size\":6}],[{\"name\":\"description\",\"size\":6}]]}}','object','',''),(15,'plugin_content_manager_configuration_content_types::strapi::user','{\"uid\":\"strapi::user\",\"settings\":{\"bulkable\":true,\"filterable\":true,\"searchable\":true,\"pageSize\":10,\"mainField\":\"firstname\",\"defaultSortBy\":\"firstname\",\"defaultSortOrder\":\"ASC\"},\"metadatas\":{\"id\":{\"edit\":{},\"list\":{\"label\":\"Id\",\"searchable\":true,\"sortable\":true}},\"firstname\":{\"edit\":{\"label\":\"Firstname\",\"description\":\"\",\"placeholder\":\"\",\"visible\":true,\"editable\":true},\"list\":{\"label\":\"Firstname\",\"searchable\":true,\"sortable\":true}},\"lastname\":{\"edit\":{\"label\":\"Lastname\",\"description\":\"\",\"placeholder\":\"\",\"visible\":true,\"editable\":true},\"list\":{\"label\":\"Lastname\",\"searchable\":true,\"sortable\":true}},\"username\":{\"edit\":{\"label\":\"Username\",\"description\":\"\",\"placeholder\":\"\",\"visible\":true,\"editable\":true},\"list\":{\"label\":\"Username\",\"searchable\":true,\"sortable\":true}},\"email\":{\"edit\":{\"label\":\"Email\",\"description\":\"\",\"placeholder\":\"\",\"visible\":true,\"editable\":true},\"list\":{\"label\":\"Email\",\"searchable\":true,\"sortable\":true}},\"password\":{\"edit\":{\"label\":\"Password\",\"description\":\"\",\"placeholder\":\"\",\"visible\":true,\"editable\":true},\"list\":{\"label\":\"Password\",\"searchable\":true,\"sortable\":true}},\"resetPasswordToken\":{\"edit\":{\"label\":\"ResetPasswordToken\",\"description\":\"\",\"placeholder\":\"\",\"visible\":false,\"editable\":true},\"list\":{\"label\":\"ResetPasswordToken\",\"searchable\":true,\"sortable\":true}},\"registrationToken\":{\"edit\":{\"label\":\"RegistrationToken\",\"description\":\"\",\"placeholder\":\"\",\"visible\":false,\"editable\":true},\"list\":{\"label\":\"RegistrationToken\",\"searchable\":true,\"sortable\":true}},\"isActive\":{\"edit\":{\"label\":\"IsActive\",\"description\":\"\",\"placeholder\":\"\",\"visible\":true,\"editable\":true},\"list\":{\"label\":\"IsActive\",\"searchable\":true,\"sortable\":true}},\"roles\":{\"edit\":{\"label\":\"Roles\",\"description\":\"\",\"placeholder\":\"\",\"visible\":true,\"editable\":true,\"mainField\":\"name\"},\"list\":{\"label\":\"Roles\",\"searchable\":false,\"sortable\":false}},\"blocked\":{\"edit\":{\"label\":\"Blocked\",\"description\":\"\",\"placeholder\":\"\",\"visible\":true,\"editable\":true},\"list\":{\"label\":\"Blocked\",\"searchable\":true,\"sortable\":true}},\"preferedLanguage\":{\"edit\":{\"label\":\"PreferedLanguage\",\"description\":\"\",\"placeholder\":\"\",\"visible\":true,\"editable\":true},\"list\":{\"label\":\"PreferedLanguage\",\"searchable\":true,\"sortable\":true}}},\"layouts\":{\"list\":[\"id\",\"firstname\",\"lastname\",\"username\"],\"editRelations\":[\"roles\"],\"edit\":[[{\"name\":\"firstname\",\"size\":6},{\"name\":\"lastname\",\"size\":6}],[{\"name\":\"username\",\"size\":6},{\"name\":\"email\",\"size\":6}],[{\"name\":\"password\",\"size\":6},{\"name\":\"isActive\",\"size\":4}],[{\"name\":\"blocked\",\"size\":4},{\"name\":\"preferedLanguage\",\"size\":6}]]}}','object','',''),(16,'plugin_content_manager_configuration_content_types::plugins::users-permissions.permission','{\"uid\":\"plugins::users-permissions.permission\",\"settings\":{\"bulkable\":true,\"filterable\":true,\"searchable\":true,\"pageSize\":10,\"mainField\":\"type\",\"defaultSortBy\":\"type\",\"defaultSortOrder\":\"ASC\"},\"metadatas\":{\"id\":{\"edit\":{},\"list\":{\"label\":\"Id\",\"searchable\":true,\"sortable\":true}},\"type\":{\"edit\":{\"label\":\"Type\",\"description\":\"\",\"placeholder\":\"\",\"visible\":true,\"editable\":true},\"list\":{\"label\":\"Type\",\"searchable\":true,\"sortable\":true}},\"controller\":{\"edit\":{\"label\":\"Controller\",\"description\":\"\",\"placeholder\":\"\",\"visible\":true,\"editable\":true},\"list\":{\"label\":\"Controller\",\"searchable\":true,\"sortable\":true}},\"action\":{\"edit\":{\"label\":\"Action\",\"description\":\"\",\"placeholder\":\"\",\"visible\":true,\"editable\":true},\"list\":{\"label\":\"Action\",\"searchable\":true,\"sortable\":true}},\"enabled\":{\"edit\":{\"label\":\"Enabled\",\"description\":\"\",\"placeholder\":\"\",\"visible\":true,\"editable\":true},\"list\":{\"label\":\"Enabled\",\"searchable\":true,\"sortable\":true}},\"policy\":{\"edit\":{\"label\":\"Policy\",\"description\":\"\",\"placeholder\":\"\",\"visible\":true,\"editable\":true},\"list\":{\"label\":\"Policy\",\"searchable\":true,\"sortable\":true}},\"role\":{\"edit\":{\"label\":\"Role\",\"description\":\"\",\"placeholder\":\"\",\"visible\":true,\"editable\":true,\"mainField\":\"name\"},\"list\":{\"label\":\"Role\",\"searchable\":true,\"sortable\":true}}},\"layouts\":{\"list\":[\"id\",\"type\",\"controller\",\"action\"],\"editRelations\":[\"role\"],\"edit\":[[{\"name\":\"type\",\"size\":6},{\"name\":\"controller\",\"size\":6}],[{\"name\":\"action\",\"size\":6},{\"name\":\"enabled\",\"size\":4}],[{\"name\":\"policy\",\"size\":6}]]}}','object','',''),(17,'plugin_content_manager_configuration_content_types::plugins::users-permissions.role','{\"uid\":\"plugins::users-permissions.role\",\"settings\":{\"bulkable\":true,\"filterable\":true,\"searchable\":true,\"pageSize\":10,\"mainField\":\"name\",\"defaultSortBy\":\"name\",\"defaultSortOrder\":\"ASC\"},\"metadatas\":{\"id\":{\"edit\":{},\"list\":{\"label\":\"Id\",\"searchable\":true,\"sortable\":true}},\"name\":{\"edit\":{\"label\":\"Name\",\"description\":\"\",\"placeholder\":\"\",\"visible\":true,\"editable\":true},\"list\":{\"label\":\"Name\",\"searchable\":true,\"sortable\":true}},\"description\":{\"edit\":{\"label\":\"Description\",\"description\":\"\",\"placeholder\":\"\",\"visible\":true,\"editable\":true},\"list\":{\"label\":\"Description\",\"searchable\":true,\"sortable\":true}},\"type\":{\"edit\":{\"label\":\"Type\",\"description\":\"\",\"placeholder\":\"\",\"visible\":true,\"editable\":true},\"list\":{\"label\":\"Type\",\"searchable\":true,\"sortable\":true}},\"permissions\":{\"edit\":{\"label\":\"Permissions\",\"description\":\"\",\"placeholder\":\"\",\"visible\":true,\"editable\":true,\"mainField\":\"type\"},\"list\":{\"label\":\"Permissions\",\"searchable\":false,\"sortable\":false}},\"users\":{\"edit\":{\"label\":\"Users\",\"description\":\"\",\"placeholder\":\"\",\"visible\":true,\"editable\":true,\"mainField\":\"username\"},\"list\":{\"label\":\"Users\",\"searchable\":false,\"sortable\":false}}},\"layouts\":{\"list\":[\"id\",\"name\",\"description\",\"type\"],\"editRelations\":[\"permissions\",\"users\"],\"edit\":[[{\"name\":\"name\",\"size\":6},{\"name\":\"description\",\"size\":6}],[{\"name\":\"type\",\"size\":6}]]}}','object','',''),(18,'plugin_content_manager_configuration_content_types::plugins::users-permissions.user','{\"uid\":\"plugins::users-permissions.user\",\"settings\":{\"bulkable\":true,\"filterable\":true,\"searchable\":true,\"pageSize\":10,\"mainField\":\"username\",\"defaultSortBy\":\"username\",\"defaultSortOrder\":\"ASC\"},\"metadatas\":{\"id\":{\"edit\":{},\"list\":{\"label\":\"Id\",\"searchable\":true,\"sortable\":true}},\"username\":{\"edit\":{\"label\":\"Username\",\"description\":\"\",\"placeholder\":\"\",\"visible\":true,\"editable\":true},\"list\":{\"label\":\"Username\",\"searchable\":true,\"sortable\":true}},\"email\":{\"edit\":{\"label\":\"Email\",\"description\":\"\",\"placeholder\":\"\",\"visible\":true,\"editable\":true},\"list\":{\"label\":\"Email\",\"searchable\":true,\"sortable\":true}},\"provider\":{\"edit\":{\"label\":\"Provider\",\"description\":\"\",\"placeholder\":\"\",\"visible\":false,\"editable\":true},\"list\":{\"label\":\"Provider\",\"searchable\":true,\"sortable\":true}},\"password\":{\"edit\":{\"label\":\"Password\",\"description\":\"\",\"placeholder\":\"\",\"visible\":true,\"editable\":true},\"list\":{\"label\":\"Password\",\"searchable\":true,\"sortable\":true}},\"resetPasswordToken\":{\"edit\":{\"label\":\"ResetPasswordToken\",\"description\":\"\",\"placeholder\":\"\",\"visible\":false,\"editable\":true},\"list\":{\"label\":\"ResetPasswordToken\",\"searchable\":true,\"sortable\":true}},\"confirmationToken\":{\"edit\":{\"label\":\"ConfirmationToken\",\"description\":\"\",\"placeholder\":\"\",\"visible\":false,\"editable\":true},\"list\":{\"label\":\"ConfirmationToken\",\"searchable\":true,\"sortable\":true}},\"confirmed\":{\"edit\":{\"label\":\"Confirmed\",\"description\":\"\",\"placeholder\":\"\",\"visible\":true,\"editable\":true},\"list\":{\"label\":\"Confirmed\",\"searchable\":true,\"sortable\":true}},\"blocked\":{\"edit\":{\"label\":\"Blocked\",\"description\":\"\",\"placeholder\":\"\",\"visible\":true,\"editable\":true},\"list\":{\"label\":\"Blocked\",\"searchable\":true,\"sortable\":true}},\"role\":{\"edit\":{\"label\":\"Role\",\"description\":\"\",\"placeholder\":\"\",\"visible\":true,\"editable\":true,\"mainField\":\"name\"},\"list\":{\"label\":\"Role\",\"searchable\":true,\"sortable\":true}},\"created_at\":{\"edit\":{\"label\":\"Created_at\",\"description\":\"\",\"placeholder\":\"\",\"visible\":false,\"editable\":true},\"list\":{\"label\":\"Created_at\",\"searchable\":true,\"sortable\":true}},\"updated_at\":{\"edit\":{\"label\":\"Updated_at\",\"description\":\"\",\"placeholder\":\"\",\"visible\":false,\"editable\":true},\"list\":{\"label\":\"Updated_at\",\"searchable\":true,\"sortable\":true}}},\"layouts\":{\"list\":[\"id\",\"username\",\"email\",\"confirmed\"],\"editRelations\":[\"role\"],\"edit\":[[{\"name\":\"username\",\"size\":6},{\"name\":\"email\",\"size\":6}],[{\"name\":\"password\",\"size\":6},{\"name\":\"confirmed\",\"size\":4}],[{\"name\":\"blocked\",\"size\":4}]]}}','object','',''),(19,'plugin_content_manager_configuration_content_types::plugins::upload.file','{\"uid\":\"plugins::upload.file\",\"settings\":{\"bulkable\":true,\"filterable\":true,\"searchable\":true,\"pageSize\":10,\"mainField\":\"name\",\"defaultSortBy\":\"name\",\"defaultSortOrder\":\"ASC\"},\"metadatas\":{\"id\":{\"edit\":{},\"list\":{\"label\":\"Id\",\"searchable\":true,\"sortable\":true}},\"name\":{\"edit\":{\"label\":\"Name\",\"description\":\"\",\"placeholder\":\"\",\"visible\":true,\"editable\":true},\"list\":{\"label\":\"Name\",\"searchable\":true,\"sortable\":true}},\"alternativeText\":{\"edit\":{\"label\":\"AlternativeText\",\"description\":\"\",\"placeholder\":\"\",\"visible\":true,\"editable\":true},\"list\":{\"label\":\"AlternativeText\",\"searchable\":true,\"sortable\":true}},\"caption\":{\"edit\":{\"label\":\"Caption\",\"description\":\"\",\"placeholder\":\"\",\"visible\":true,\"editable\":true},\"list\":{\"label\":\"Caption\",\"searchable\":true,\"sortable\":true}},\"width\":{\"edit\":{\"label\":\"Width\",\"description\":\"\",\"placeholder\":\"\",\"visible\":true,\"editable\":true},\"list\":{\"label\":\"Width\",\"searchable\":true,\"sortable\":true}},\"height\":{\"edit\":{\"label\":\"Height\",\"description\":\"\",\"placeholder\":\"\",\"visible\":true,\"editable\":true},\"list\":{\"label\":\"Height\",\"searchable\":true,\"sortable\":true}},\"formats\":{\"edit\":{\"label\":\"Formats\",\"description\":\"\",\"placeholder\":\"\",\"visible\":true,\"editable\":true},\"list\":{\"label\":\"Formats\",\"searchable\":false,\"sortable\":false}},\"hash\":{\"edit\":{\"label\":\"Hash\",\"description\":\"\",\"placeholder\":\"\",\"visible\":true,\"editable\":true},\"list\":{\"label\":\"Hash\",\"searchable\":true,\"sortable\":true}},\"ext\":{\"edit\":{\"label\":\"Ext\",\"description\":\"\",\"placeholder\":\"\",\"visible\":true,\"editable\":true},\"list\":{\"label\":\"Ext\",\"searchable\":true,\"sortable\":true}},\"mime\":{\"edit\":{\"label\":\"Mime\",\"description\":\"\",\"placeholder\":\"\",\"visible\":true,\"editable\":true},\"list\":{\"label\":\"Mime\",\"searchable\":true,\"sortable\":true}},\"size\":{\"edit\":{\"label\":\"Size\",\"description\":\"\",\"placeholder\":\"\",\"visible\":true,\"editable\":true},\"list\":{\"label\":\"Size\",\"searchable\":true,\"sortable\":true}},\"url\":{\"edit\":{\"label\":\"Url\",\"description\":\"\",\"placeholder\":\"\",\"visible\":true,\"editable\":true},\"list\":{\"label\":\"Url\",\"searchable\":true,\"sortable\":true}},\"previewUrl\":{\"edit\":{\"label\":\"PreviewUrl\",\"description\":\"\",\"placeholder\":\"\",\"visible\":true,\"editable\":true},\"list\":{\"label\":\"PreviewUrl\",\"searchable\":true,\"sortable\":true}},\"provider\":{\"edit\":{\"label\":\"Provider\",\"description\":\"\",\"placeholder\":\"\",\"visible\":true,\"editable\":true},\"list\":{\"label\":\"Provider\",\"searchable\":true,\"sortable\":true}},\"provider_metadata\":{\"edit\":{\"label\":\"Provider_metadata\",\"description\":\"\",\"placeholder\":\"\",\"visible\":true,\"editable\":true},\"list\":{\"label\":\"Provider_metadata\",\"searchable\":false,\"sortable\":false}},\"related\":{\"edit\":{\"label\":\"Related\",\"description\":\"\",\"placeholder\":\"\",\"visible\":true,\"editable\":true},\"list\":{\"label\":\"Related\",\"searchable\":false,\"sortable\":false}},\"created_at\":{\"edit\":{\"label\":\"Created_at\",\"description\":\"\",\"placeholder\":\"\",\"visible\":false,\"editable\":true},\"list\":{\"label\":\"Created_at\",\"searchable\":true,\"sortable\":true}},\"updated_at\":{\"edit\":{\"label\":\"Updated_at\",\"description\":\"\",\"placeholder\":\"\",\"visible\":false,\"editable\":true},\"list\":{\"label\":\"Updated_at\",\"searchable\":true,\"sortable\":true}}},\"layouts\":{\"list\":[\"id\",\"name\",\"alternativeText\",\"caption\"],\"editRelations\":[\"related\"],\"edit\":[[{\"name\":\"name\",\"size\":6},{\"name\":\"alternativeText\",\"size\":6}],[{\"name\":\"caption\",\"size\":6},{\"name\":\"width\",\"size\":4}],[{\"name\":\"height\",\"size\":4}],[{\"name\":\"formats\",\"size\":12}],[{\"name\":\"hash\",\"size\":6},{\"name\":\"ext\",\"size\":6}],[{\"name\":\"mime\",\"size\":6},{\"name\":\"size\",\"size\":4}],[{\"name\":\"url\",\"size\":6},{\"name\":\"previewUrl\",\"size\":6}],[{\"name\":\"provider\",\"size\":6}],[{\"name\":\"provider_metadata\",\"size\":12}]]}}','object','',''),(20,'plugin_content_manager_configuration_content_types::plugins::i18n.locale','{\"uid\":\"plugins::i18n.locale\",\"settings\":{\"bulkable\":true,\"filterable\":true,\"searchable\":true,\"pageSize\":10,\"mainField\":\"name\",\"defaultSortBy\":\"name\",\"defaultSortOrder\":\"ASC\"},\"metadatas\":{\"id\":{\"edit\":{},\"list\":{\"label\":\"Id\",\"searchable\":true,\"sortable\":true}},\"name\":{\"edit\":{\"label\":\"Name\",\"description\":\"\",\"placeholder\":\"\",\"visible\":true,\"editable\":true},\"list\":{\"label\":\"Name\",\"searchable\":true,\"sortable\":true}},\"code\":{\"edit\":{\"label\":\"Code\",\"description\":\"\",\"placeholder\":\"\",\"visible\":true,\"editable\":true},\"list\":{\"label\":\"Code\",\"searchable\":true,\"sortable\":true}},\"created_at\":{\"edit\":{\"label\":\"Created_at\",\"description\":\"\",\"placeholder\":\"\",\"visible\":false,\"editable\":true},\"list\":{\"label\":\"Created_at\",\"searchable\":true,\"sortable\":true}},\"updated_at\":{\"edit\":{\"label\":\"Updated_at\",\"description\":\"\",\"placeholder\":\"\",\"visible\":false,\"editable\":true},\"list\":{\"label\":\"Updated_at\",\"searchable\":true,\"sortable\":true}}},\"layouts\":{\"list\":[\"id\",\"name\",\"code\",\"created_at\"],\"editRelations\":[],\"edit\":[[{\"name\":\"name\",\"size\":6},{\"name\":\"code\",\"size\":6}]]}}','object','',''),(21,'plugin_i18n_default_locale','\"en\"','string','',''),(22,'plugin_users-permissions_email','{\"reset_password\":{\"display\":\"Email.template.reset_password\",\"icon\":\"sync\",\"options\":{\"from\":{\"name\":\"Administration Panel\",\"email\":\"no-reply@strapi.io\"},\"response_email\":\"\",\"object\":\"Reset password\",\"message\":\"<p>We heard that you lost your password. Sorry about that!</p>\\n\\n<p>But don’t worry! You can use the following link to reset your password:</p>\\n<p><%= URL %>?code=<%= TOKEN %></p>\\n\\n<p>Thanks.</p>\"}},\"email_confirmation\":{\"display\":\"Email.template.email_confirmation\",\"icon\":\"check-square\",\"options\":{\"from\":{\"name\":\"Administration Panel\",\"email\":\"no-reply@strapi.io\"},\"response_email\":\"\",\"object\":\"Account confirmation\",\"message\":\"<p>Thank you for registering!</p>\\n\\n<p>You have to confirm your email address. Please click on the link below.</p>\\n\\n<p><%= URL %>?confirmation=<%= CODE %></p>\\n\\n<p>Thanks.</p>\"}}}','object','',''),(23,'plugin_users-permissions_advanced','{\"unique_email\":true,\"allow_register\":true,\"email_confirmation\":false,\"email_reset_password\":null,\"email_confirmation_redirection\":null,\"default_role\":\"authenticated\"}','object','',''),(24,'core_admin_auth','{\"providers\":{\"autoRegister\":false,\"defaultRole\":null}}','object','',''),(25,'model_def_application::corpus.corpus','{\"uid\":\"application::corpus.corpus\",\"collectionName\":\"corpuses\",\"kind\":\"collectionType\",\"info\":{\"name\":\"Corpus\",\"description\":\"\"},\"options\":{\"increments\":true,\"timestamps\":[\"created_at\",\"updated_at\"],\"draftAndPublish\":true},\"pluginOptions\":{},\"attributes\":{\"Title\":{\"type\":\"string\",\"required\":true,\"unique\":true},\"Introduction\":{\"type\":\"richtext\",\"required\":true},\"Originaltext\":{\"type\":\"richtext\",\"required\":true},\"File\":{\"collection\":\"file\",\"via\":\"related\",\"allowedTypes\":[\"files\",\"images\",\"videos\"],\"plugin\":\"upload\",\"required\":true,\"pluginOptions\":{}},\"Direction\":{\"type\":\"integer\",\"required\":true,\"default\":1},\"Difficulty\":{\"type\":\"integer\",\"default\":1,\"required\":true},\"Type\":{\"type\":\"integer\",\"required\":true,\"default\":1},\"AuthorID\":{\"type\":\"string\",\"required\":true},\"Tag_ids\":{\"collection\":\"tag\",\"attribute\":\"tag\",\"column\":\"id\",\"isVirtual\":true},\"State\":{\"type\":\"integer\",\"default\":1,\"required\":true},\"Published\":{\"type\":\"integer\",\"default\":0},\"published_at\":{\"type\":\"datetime\",\"configurable\":false,\"writable\":true,\"visible\":false},\"created_by\":{\"model\":\"user\",\"plugin\":\"admin\",\"configurable\":false,\"writable\":false,\"visible\":false,\"private\":true},\"updated_by\":{\"model\":\"user\",\"plugin\":\"admin\",\"configurable\":false,\"writable\":false,\"visible\":false,\"private\":true}}}','object',NULL,NULL),(26,'plugin_content_manager_configuration_content_types::application::corpus.corpus','{\"uid\":\"application::corpus.corpus\",\"settings\":{\"bulkable\":true,\"filterable\":true,\"searchable\":true,\"pageSize\":10,\"mainField\":\"Title\",\"defaultSortBy\":\"Title\",\"defaultSortOrder\":\"ASC\"},\"metadatas\":{\"id\":{\"edit\":{},\"list\":{\"label\":\"Id\",\"searchable\":true,\"sortable\":true}},\"Title\":{\"edit\":{\"label\":\"Title\",\"description\":\"\",\"placeholder\":\"\",\"visible\":true,\"editable\":true},\"list\":{\"label\":\"Title\",\"searchable\":true,\"sortable\":true}},\"Introduction\":{\"edit\":{\"label\":\"Introduction\",\"description\":\"\",\"placeholder\":\"\",\"visible\":true,\"editable\":true},\"list\":{\"label\":\"Introduction\",\"searchable\":false,\"sortable\":false}},\"Originaltext\":{\"edit\":{\"label\":\"Originaltext\",\"description\":\"\",\"placeholder\":\"\",\"visible\":true,\"editable\":true},\"list\":{\"label\":\"Originaltext\",\"searchable\":false,\"sortable\":false}},\"File\":{\"edit\":{\"label\":\"File\",\"description\":\"\",\"placeholder\":\"\",\"visible\":true,\"editable\":true},\"list\":{\"label\":\"File\",\"searchable\":false,\"sortable\":false}},\"Direction\":{\"edit\":{\"label\":\"Direction\",\"description\":\"\",\"placeholder\":\"\",\"visible\":true,\"editable\":true},\"list\":{\"label\":\"Direction\",\"searchable\":true,\"sortable\":true}},\"Difficulty\":{\"edit\":{\"label\":\"Difficulty\",\"description\":\"\",\"placeholder\":\"\",\"visible\":true,\"editable\":true},\"list\":{\"label\":\"Difficulty\",\"searchable\":true,\"sortable\":true}},\"Type\":{\"edit\":{\"label\":\"Type\",\"description\":\"\",\"placeholder\":\"\",\"visible\":true,\"editable\":true},\"list\":{\"label\":\"Type\",\"searchable\":true,\"sortable\":true}},\"AuthorID\":{\"edit\":{\"label\":\"AuthorID\",\"description\":\"\",\"placeholder\":\"\",\"visible\":true,\"editable\":true},\"list\":{\"label\":\"AuthorID\",\"searchable\":true,\"sortable\":true}},\"Tag_ids\":{\"edit\":{\"label\":\"Tag_ids\",\"description\":\"\",\"placeholder\":\"\",\"visible\":true,\"editable\":true,\"mainField\":\"tagName\"},\"list\":{\"label\":\"Tag_ids\",\"searchable\":false,\"sortable\":false}},\"State\":{\"edit\":{\"label\":\"State\",\"description\":\"\",\"placeholder\":\"\",\"visible\":true,\"editable\":true},\"list\":{\"label\":\"State\",\"searchable\":true,\"sortable\":true}},\"Published\":{\"edit\":{\"label\":\"Published\",\"description\":\"\",\"placeholder\":\"\",\"visible\":true,\"editable\":true},\"list\":{\"label\":\"Published\",\"searchable\":true,\"sortable\":true}},\"created_at\":{\"edit\":{\"label\":\"Created_at\",\"description\":\"\",\"placeholder\":\"\",\"visible\":false,\"editable\":true},\"list\":{\"label\":\"Created_at\",\"searchable\":true,\"sortable\":true}},\"updated_at\":{\"edit\":{\"label\":\"Updated_at\",\"description\":\"\",\"placeholder\":\"\",\"visible\":false,\"editable\":true},\"list\":{\"label\":\"Updated_at\",\"searchable\":true,\"sortable\":true}}},\"layouts\":{\"list\":[\"id\",\"Title\",\"File\",\"Direction\"],\"edit\":[[{\"name\":\"Title\",\"size\":6}],[{\"name\":\"Introduction\",\"size\":12}],[{\"name\":\"Originaltext\",\"size\":12}],[{\"name\":\"File\",\"size\":6},{\"name\":\"Direction\",\"size\":4}],[{\"name\":\"Difficulty\",\"size\":4},{\"name\":\"Type\",\"size\":4}],[{\"name\":\"AuthorID\",\"size\":6},{\"name\":\"State\",\"size\":4}],[{\"name\":\"Published\",\"size\":4}]],\"editRelations\":[\"Tag_ids\"]}}','object','',''),(27,'model_def_application::tag.tag','{\"uid\":\"application::tag.tag\",\"collectionName\":\"tags\",\"kind\":\"collectionType\",\"info\":{\"name\":\"Tag\",\"description\":\"\"},\"options\":{\"increments\":true,\"timestamps\":[\"created_at\",\"updated_at\"],\"draftAndPublish\":true},\"pluginOptions\":{},\"attributes\":{\"tagName\":{\"type\":\"string\",\"required\":true,\"unique\":true},\"introduce\":{\"type\":\"string\"},\"published_at\":{\"type\":\"datetime\",\"configurable\":false,\"writable\":true,\"visible\":false},\"created_by\":{\"model\":\"user\",\"plugin\":\"admin\",\"configurable\":false,\"writable\":false,\"visible\":false,\"private\":true},\"updated_by\":{\"model\":\"user\",\"plugin\":\"admin\",\"configurable\":false,\"writable\":false,\"visible\":false,\"private\":true}}}','object',NULL,NULL),(28,'plugin_content_manager_configuration_content_types::application::tag.tag','{\"uid\":\"application::tag.tag\",\"settings\":{\"bulkable\":true,\"filterable\":true,\"searchable\":true,\"pageSize\":10,\"mainField\":\"tagName\",\"defaultSortBy\":\"tagName\",\"defaultSortOrder\":\"ASC\"},\"metadatas\":{\"id\":{\"edit\":{},\"list\":{\"label\":\"Id\",\"searchable\":true,\"sortable\":true}},\"tagName\":{\"edit\":{\"label\":\"TagName\",\"description\":\"\",\"placeholder\":\"\",\"visible\":true,\"editable\":true},\"list\":{\"label\":\"TagName\",\"searchable\":true,\"sortable\":true}},\"introduce\":{\"edit\":{\"label\":\"Introduce\",\"description\":\"\",\"placeholder\":\"\",\"visible\":true,\"editable\":true},\"list\":{\"label\":\"Introduce\",\"searchable\":true,\"sortable\":true}},\"created_at\":{\"edit\":{\"label\":\"Created_at\",\"description\":\"\",\"placeholder\":\"\",\"visible\":false,\"editable\":true},\"list\":{\"label\":\"Created_at\",\"searchable\":true,\"sortable\":true}},\"updated_at\":{\"edit\":{\"label\":\"Updated_at\",\"description\":\"\",\"placeholder\":\"\",\"visible\":false,\"editable\":true},\"list\":{\"label\":\"Updated_at\",\"searchable\":true,\"sortable\":true}}},\"layouts\":{\"list\":[\"id\",\"tagName\",\"created_at\",\"updated_at\"],\"edit\":[[{\"name\":\"tagName\",\"size\":6},{\"name\":\"introduce\",\"size\":6}]],\"editRelations\":[]}}','object','',''),(29,'plugin_documentation_config','{\"restrictedAccess\":false}','object','',''),(30,'model_def_application::exercises.exercises','{\"uid\":\"application::exercises.exercises\",\"collectionName\":\"exercises\",\"kind\":\"collectionType\",\"info\":{\"name\":\"Exercises\",\"description\":\"\"},\"options\":{\"increments\":true,\"timestamps\":[\"created_at\",\"updated_at\"],\"draftAndPublish\":true},\"pluginOptions\":{},\"attributes\":{\"StuID\":{\"type\":\"string\",\"required\":true,\"unique\":false},\"Corpus\":{\"model\":\"corpus\"},\"StuFile\":{\"collection\":\"file\",\"via\":\"related\",\"allowedTypes\":[\"files\",\"images\",\"videos\"],\"plugin\":\"upload\",\"required\":false,\"pluginOptions\":{}},\"AllScore\":{\"type\":\"float\",\"default\":-1},\"IdentifyText\":{\"type\":\"richtext\"},\"Fluency\":{\"type\":\"float\",\"default\":0},\"Information\":{\"type\":\"float\",\"default\":0},\"Grammar\":{\"type\":\"float\",\"default\":0},\"Logical\":{\"type\":\"float\",\"default\":0},\"Pace\":{\"type\":\"float\",\"default\":0},\"Volume\":{\"type\":\"float\",\"default\":0},\"TeacherComments\":{\"type\":\"string\"},\"Skill\":{\"type\":\"float\",\"default\":0},\"published_at\":{\"type\":\"datetime\",\"configurable\":false,\"writable\":true,\"visible\":false},\"created_by\":{\"model\":\"user\",\"plugin\":\"admin\",\"configurable\":false,\"writable\":false,\"visible\":false,\"private\":true},\"updated_by\":{\"model\":\"user\",\"plugin\":\"admin\",\"configurable\":false,\"writable\":false,\"visible\":false,\"private\":true}}}','object',NULL,NULL),(31,'plugin_content_manager_configuration_content_types::application::exercises.exercises','{\"uid\":\"application::exercises.exercises\",\"settings\":{\"bulkable\":true,\"filterable\":true,\"searchable\":true,\"pageSize\":10,\"mainField\":\"StuID\",\"defaultSortBy\":\"StuID\",\"defaultSortOrder\":\"ASC\"},\"metadatas\":{\"id\":{\"edit\":{},\"list\":{\"label\":\"Id\",\"searchable\":true,\"sortable\":true}},\"StuID\":{\"edit\":{\"label\":\"StuID\",\"description\":\"\",\"placeholder\":\"\",\"visible\":true,\"editable\":true},\"list\":{\"label\":\"StuID\",\"searchable\":true,\"sortable\":true}},\"Corpus\":{\"edit\":{\"label\":\"Corpus\",\"description\":\"\",\"placeholder\":\"\",\"visible\":true,\"editable\":true,\"mainField\":\"Title\"},\"list\":{\"label\":\"Corpus\",\"searchable\":true,\"sortable\":true}},\"StuFile\":{\"edit\":{\"label\":\"StuFile\",\"description\":\"\",\"placeholder\":\"\",\"visible\":true,\"editable\":true},\"list\":{\"label\":\"StuFile\",\"searchable\":false,\"sortable\":false}},\"AllScore\":{\"edit\":{\"label\":\"AllScore\",\"description\":\"\",\"placeholder\":\"\",\"visible\":true,\"editable\":true},\"list\":{\"label\":\"AllScore\",\"searchable\":true,\"sortable\":true}},\"IdentifyText\":{\"edit\":{\"label\":\"IdentifyText\",\"description\":\"\",\"placeholder\":\"\",\"visible\":true,\"editable\":true},\"list\":{\"label\":\"IdentifyText\",\"searchable\":false,\"sortable\":false}},\"Fluency\":{\"edit\":{\"label\":\"Fluency\",\"description\":\"\",\"placeholder\":\"\",\"visible\":true,\"editable\":true},\"list\":{\"label\":\"Fluency\",\"searchable\":true,\"sortable\":true}},\"Information\":{\"edit\":{\"label\":\"Information\",\"description\":\"\",\"placeholder\":\"\",\"visible\":true,\"editable\":true},\"list\":{\"label\":\"Information\",\"searchable\":true,\"sortable\":true}},\"Grammar\":{\"edit\":{\"label\":\"Grammar\",\"description\":\"\",\"placeholder\":\"\",\"visible\":true,\"editable\":true},\"list\":{\"label\":\"Grammar\",\"searchable\":true,\"sortable\":true}},\"Logical\":{\"edit\":{\"label\":\"Logical\",\"description\":\"\",\"placeholder\":\"\",\"visible\":true,\"editable\":true},\"list\":{\"label\":\"Logical\",\"searchable\":true,\"sortable\":true}},\"Pace\":{\"edit\":{\"label\":\"Pace\",\"description\":\"\",\"placeholder\":\"\",\"visible\":true,\"editable\":true},\"list\":{\"label\":\"Pace\",\"searchable\":true,\"sortable\":true}},\"Volume\":{\"edit\":{\"label\":\"Volume\",\"description\":\"\",\"placeholder\":\"\",\"visible\":true,\"editable\":true},\"list\":{\"label\":\"Volume\",\"searchable\":true,\"sortable\":true}},\"TeacherComments\":{\"edit\":{\"label\":\"TeacherComments\",\"description\":\"\",\"placeholder\":\"\",\"visible\":true,\"editable\":true},\"list\":{\"label\":\"TeacherComments\",\"searchable\":true,\"sortable\":true}},\"Skill\":{\"edit\":{\"label\":\"Skill\",\"description\":\"\",\"placeholder\":\"\",\"visible\":true,\"editable\":true},\"list\":{\"label\":\"Skill\",\"searchable\":true,\"sortable\":true}},\"created_at\":{\"edit\":{\"label\":\"Created_at\",\"description\":\"\",\"placeholder\":\"\",\"visible\":false,\"editable\":true},\"list\":{\"label\":\"Created_at\",\"searchable\":true,\"sortable\":true}},\"updated_at\":{\"edit\":{\"label\":\"Updated_at\",\"description\":\"\",\"placeholder\":\"\",\"visible\":false,\"editable\":true},\"list\":{\"label\":\"Updated_at\",\"searchable\":true,\"sortable\":true}}},\"layouts\":{\"list\":[\"id\",\"created_at\",\"updated_at\",\"StuID\"],\"edit\":[[{\"name\":\"StuID\",\"size\":6},{\"name\":\"StuFile\",\"size\":6}],[{\"name\":\"IdentifyText\",\"size\":12}],[{\"name\":\"AllScore\",\"size\":4},{\"name\":\"Fluency\",\"size\":4}],[{\"name\":\"Pace\",\"size\":4}],[{\"name\":\"Volume\",\"size\":4},{\"name\":\"TeacherComments\",\"size\":6}],[{\"name\":\"Information\",\"size\":4},{\"name\":\"Grammar\",\"size\":4},{\"name\":\"Logical\",\"size\":4}],[{\"name\":\"Skill\",\"size\":4}]],\"editRelations\":[\"Corpus\"]}}','object','','');
/*!40000 ALTER TABLE `core_store` ENABLE KEYS */;
UNLOCK TABLES;

--
-- Table structure for table `corpuses`
--

DROP TABLE IF EXISTS `corpuses`;
/*!40101 SET @saved_cs_client     = @@character_set_client */;
/*!40101 SET character_set_client = utf8 */;
CREATE TABLE `corpuses` (
  `id` int(10) unsigned NOT NULL AUTO_INCREMENT,
  `Title` varchar(255) DEFAULT NULL,
  `Introduction` longtext,
  `Originaltext` longtext,
  `Direction` int(11) DEFAULT NULL,
  `Difficulty` int(11) DEFAULT NULL,
  `Type` int(11) DEFAULT NULL,
  `AuthorID` varchar(255) DEFAULT NULL,
  `published_at` datetime DEFAULT NULL,
  `created_by` int(11) DEFAULT NULL,
  `updated_by` int(11) DEFAULT NULL,
  `created_at` timestamp NULL DEFAULT CURRENT_TIMESTAMP,
  `updated_at` timestamp NULL DEFAULT CURRENT_TIMESTAMP,
  `State` int(11) DEFAULT NULL,
  `Published` int(11) DEFAULT NULL,
  PRIMARY KEY (`id`) USING BTREE,
  UNIQUE KEY `corpuses_Title_unique` (`Title`) USING BTREE
) ENGINE=InnoDB AUTO_INCREMENT=26 DEFAULT CHARSET=utf8 ROW_FORMAT=DYNAMIC;
/*!40101 SET character_set_client = @saved_cs_client */;

--
-- Dumping data for table `corpuses`
--

LOCK TABLES `corpuses` WRITE;
/*!40000 ALTER TABLE `corpuses` DISABLE KEYS */;
INSERT INTO `corpuses` VALUES (1,'2011年3月上海市中级口译第二阶段口试真题口译题(3)','考试真题','与西方国家相比，中国成立博物馆的时间要晚得多，而且在过去，中国博物馆建设发展的速度是比较慢的。\n中国的第一家公共博物馆是南通博物馆，该馆建立于1905年，位于现在华东地区江苏省的南通市。\n1949年11月，中国文化部成立了文化遗产管理局，开始对国内21家博物馆实施管理。此后，在全国各地陆续成立了各级博物馆管理机构。\n尤其是自1978年改革开放以来，随着国家总体实力的增强，中国的博物馆建设得到了迅猛的发展。',2,1,1,'100001','2023-12-16 12:06:57',NULL,1,'2023-12-16 04:06:57','2023-12-21 17:01:40',1,1),(2,'2011年3月上海市中级口译第二阶段口试真题口译题(4)','考试真题','随着科学技术的突飞猛进，世界经济秩序和经济格局发生急剧变化，人口与发展进一步成为国际社会广泛关注的重大问题。\n走人口与经济、社会、资源、环境相互协调的可持续发展道路，正成为世界各国的共同选择。\n中国解决人口与发展问题的基本指导方针是相当清楚的：根据我国的基本国情，走中国特色的道路解决人口与发展的问题。\n中国将继续做出巨大努力，在充分尊重各族人民的不同文化背景、宗教信仰的基础上，制定和实施人口与发展的规划和政策。',2,1,1,'100001','2023-12-16 12:06:57',NULL,1,'2023-12-15 04:06:57','2023-12-27 23:17:07',1,1),(3,'2011年3月上海市中级口译第二阶段口试真题口译题(2)','考试真题','Although it is the common understanding that we are now living in a global village, the average Americans know China in part through the Chinese-Americans who helped build our country.\nChina and the United States are geographically apart. However, it would he hard to find an area of American achievement unmarked by the footprints of Chinese-Americans.\nThe contributions, large and small, of China\'s sons and daughters in my country reflect their innate talents and hard work, as well as the devotion of their parents. We owe a great deal to China.\nJust as we have gained from the achievements of the Chinese who have come to America, the United States will gain benefit from a self-confident, developing China. This attitude provides a firm foundation for the deepening of friendship between our two countries.',1,2,1,'100001','2023-12-16 14:26:39',NULL,1,'2023-12-16 06:26:39','2023-12-28 16:25:00',1,1),(4,'2011年3月上海市中级口译第二阶段口试真题口译题(*)','考试真题','I\'m very happy to talk to you about how the City of Toronto endeavors to turn itself into a green city in the process of economic integration with its surrounding cities. Toronto is a mature municipality and has limited greenfield development potential.\n\nThe Greater Toronto Area has one of the most diversified economies. The largest economic sectors include aerospace, biomedical industry, food processing industry and business services.\n\nDue to the urbanization, they have spanned across municipal boundaries. Therefore, measures are taken to allow high value added business operations to locate within the City.\n\nTraditional heavy manufacturing operations are relocated in the surrounding areas, where the realty taxes are lower and there is a plenty of available land for greenfield development.\n',1,1,1,'100001','2023-12-15 12:28:45',NULL,1,'2023-12-15 04:28:45','2023-12-14 23:07:30',1,1),(5,'2010年9月上海市中级口译第二阶段口试真题口译题(3)','考试真题','女士们、先生们：欢迎光临京河高科技园区。我是园区的业务经理，我很高兴能有机会向大家介绍一下我们是如何吸引外资投资的。\n我们园区的两大主导产业是信息技术和现代生物技术。园区采取有力措施，改善投资环境，已成为华北地区最佳投资地之一。\n园区目标产业的选择标准是，能加强研发功能，能与各大学和社会研究机构合作。\n眼下，来自美国、日本、德国、英国等地的跨国公司已在园区内落户，招商引资工作已取得巨大成就。',2,1,1,'100002','2023-12-14 14:29:28',NULL,1,'2023-12-14 06:29:28','2023-12-16 08:21:11',1,1),(6,'2010年9月上海市中级口译第二阶段口试真题口译题(2)','考试真题','The knowledge-based economy represents a new strategic era that human beings are entering. So knowledge is becoming the most important source of growth as well as productivity.\nThe knowledge-based economy has one characteristic, that is innovation. Innovation means the ability to generate and use knowledge to innovate. It is not only a determinant of wealth; it is also the basis of competitive advantage.\nThe first step towards the knowledge-based economy can be made if one is able to effectively develop a vision of the future, exploit one\'s self-potential and stay open-minded.\nI am very glad that China will soon carry out the National Medium-to-long Term Program for Education Reform and Development. This program, I\'m sure, will encourage your young people to absorb new knowledge and apply it in science and technology.',1,1,1,'100001','2023-12-15 12:31:59',NULL,1,'2023-12-15 04:31:59','2023-12-27 03:07:44',1,1),(7,'2010年9月上海市中级口译第二阶段口试真题口译题(1)','考试真题','As for us Americans, you may think that we give too much importance to individualism and personal gains, so much so that it might sacrifice collective benefits, and even bring harm to the harmony of the society.\nYes, but you don\'t have to be worried. American work ethic is more individual-oriented. We often value the results and accomplishments of work more than its process.\nIf I am not mistaken, the traditional Chinese work ethic is based on Confucianism, which stresses the benefit of communal harmony rather than individual freedom.\nIt\'s really very hard to say which is better because of the cultural differences. With the economic globalization, cultural exchanges have become more and more extensive and Americans and Chinese will know and understand each other better.',1,1,1,'100002','2023-12-16 12:32:34',NULL,1,'2023-12-16 04:32:34','2023-12-14 23:07:30',1,NULL),(8,'2010年3月上海市中级口译第二阶段口试真题口译题(4)','考试真题','体育运动是人类的共同语言，是促进和平与发展的重要因素。自远古时代起，体育运动就已超越种族、肤色、文化的差异。\n体育运动承载着人类对和平美好世界的向往与追求。诞生于两千多年前的奥林匹克精神，就是这一追求的具体体现。\n奥林匹克理想是人类不断的追求，体育运动和体育教育则是实现这一追求的具体实践。\n体育运动不仅让我们拥有强健的体魄，更让我们学会沟通、合作和尊重他人，也是不同文明和价值观之间加强联系的重要媒介。',2,1,1,'100001','2023-12-16 13:32:34',NULL,1,'2023-12-16 05:32:34','2023-12-18 04:46:46',1,NULL),(9,'2010年3月上海市中级口译第二阶段口试真题口译题(3)','考试真题','现在我来介绍一下中国的世界文化遗产。中国是一个古老而文明的国家，有悠久的历史、灿烂的文化、壮丽的山河。\n在中国的国土上，自然与地理环境多姿多彩，东西南北风光迥异，良好的地理环境造就了无数的天然名胜。\n漫长的历史，为中华民族留下了丰厚而珍贵的文化遗产和自然遗产，它不仅属于中华民族，也是全人类的宝贵财富。\n目前这些文化和自然遗产正日益受到破坏的威胁，主要是因为年代久远所致，同时也有些人为因素。这些都应该引起我们的高度重视。',2,2,1,'100001','2023-12-13 12:33:45',NULL,1,'2023-12-07 04:33:45','2023-12-18 04:46:41',1,0),(10,'2010年3月上海市中级口译第二阶段口试真题口译题(2)','考试真题','Ladies and gentlemen, the world today is facing a serious problem of poverty in some areas. We must refocus our attention, and resources, on the places and people that are economically being left behind.\nAs we do, we must bear in mind that none are more committed to ending poverty than the poor themselves. Often, all they lack is the guidance and the tools to get rid of poverty.\nTherefore, it requires all citizens to actively participate in policy-making, and governments to become more accountable to their citizens in their efforts to achieve their goals.\nToday, we join hands with the poor in a collective effort. This is a close and extensive cooperation which brings together civil society, the private sectors, and individuals around the world.',1,2,1,'100001','2023-12-15 12:35:03',NULL,1,'2023-12-15 04:35:03','2023-12-18 04:46:36',1,0),(18,'001 英译中-同传-东盟合作','东盟合作译文','As some of the key central banks began normalizing their monetary policy, by taking tightening measures in the face of surging inflation, the Russia-Ukraine conflict fueled the rise of energy prices, creating more uncertainties for global economic recovery. Asia, too, faces uncertain economic growth prospects and the risks of potential spillovers from monetary tightening in advanced economies. To address these challenges, Asian economies should strengthen economic cooperation. More specifically, Asian economies can sustain growth by enhancing intra-regional trade, strengthening intra-regional financial coordination, and taking advantage of regional cooperation mechanisms.',1,1,1,'100001','2023-12-18 03:00:46',1,1,'2023-12-17 18:56:35','2023-12-17 19:00:46',1,0),(21,'中国5G技术','这是有关中国5G技术的音频','The progress Chinese hi-tech companies have made in 5G is witnessed by all. In recent years, China has become a major filer of 5G patents. According to the Ministry of Industry and Information Technology, with commercial rollout launched, China\'s 5G development has continued to gather speed, with more than 718,000 5G base stations already built. During the 13th five year plan period, China has put in place a full-fledged 5G industrial chain covering systems, terminals, chips and boards. Its 5G standard-essential patent declarations account for one third of the global total. The scale of its network and number of users are both unparalleled. The overall strength of China\'s 5G industry ranks among the highest in the world.',2,2,1,'100001','2023-12-18 14:33:16',NULL,NULL,'2023-12-18 06:33:16','2023-12-18 06:33:34',1,1),(25,'看看看看扩扩扩','好好好','看看看看扩扩扩扩扩扩扩扩扩扩扩扩扩扩',1,2,2,'100001','2023-12-28 06:47:11',NULL,NULL,'2023-12-27 22:47:11','2023-12-27 22:47:11',1,0);
/*!40000 ALTER TABLE `corpuses` ENABLE KEYS */;
UNLOCK TABLES;

--
-- Table structure for table `corpuses__tag_ids`
--

DROP TABLE IF EXISTS `corpuses__tag_ids`;
/*!40101 SET @saved_cs_client     = @@character_set_client */;
/*!40101 SET character_set_client = utf8 */;
CREATE TABLE `corpuses__tag_ids` (
  `id` int(10) unsigned NOT NULL AUTO_INCREMENT,
  `corpus_id` int(11) DEFAULT NULL,
  `tag_id` int(11) DEFAULT NULL,
  PRIMARY KEY (`id`) USING BTREE
) ENGINE=InnoDB AUTO_INCREMENT=66 DEFAULT CHARSET=utf8 ROW_FORMAT=DYNAMIC;
/*!40101 SET character_set_client = @saved_cs_client */;

--
-- Dumping data for table `corpuses__tag_ids`
--

LOCK TABLES `corpuses__tag_ids` WRITE;
/*!40000 ALTER TABLE `corpuses__tag_ids` DISABLE KEYS */;
INSERT INTO `corpuses__tag_ids` VALUES (3,2,2),(9,7,2),(12,24,2),(14,30,2),(17,31,2),(19,32,2),(21,33,2),(23,34,2),(25,36,13),(26,37,13),(27,38,13),(28,39,13),(29,40,13),(30,41,13),(31,42,13),(32,43,13),(33,44,13),(34,45,13),(36,1,13),(37,2,13),(38,3,13),(39,4,13),(40,5,13),(41,6,13),(42,7,13),(43,8,13),(44,9,13),(45,10,13),(58,18,4),(61,21,8),(65,25,8);
/*!40000 ALTER TABLE `corpuses__tag_ids` ENABLE KEYS */;
UNLOCK TABLES;

--
-- Table structure for table `exercises`
--

DROP TABLE IF EXISTS `exercises`;
/*!40101 SET @saved_cs_client     = @@character_set_client */;
/*!40101 SET character_set_client = utf8 */;
CREATE TABLE `exercises` (
  `id` int(10) unsigned NOT NULL AUTO_INCREMENT,
  `StuID` varchar(255) DEFAULT NULL,
  `published_at` datetime DEFAULT NULL,
  `created_by` int(11) DEFAULT NULL,
  `updated_by` int(11) DEFAULT NULL,
  `created_at` timestamp NULL DEFAULT CURRENT_TIMESTAMP,
  `updated_at` timestamp NULL DEFAULT CURRENT_TIMESTAMP,
  `Corpus` int(11) DEFAULT NULL,
  `Score` double DEFAULT NULL,
  `IdentifyText` longtext,
  `AllScore` double DEFAULT NULL,
  `Fluency` double DEFAULT NULL,
  `Accuracy` double DEFAULT NULL,
  `Precision` double DEFAULT NULL,
  `Completeness` double DEFAULT NULL,
  `Pace` double DEFAULT NULL,
  `Volume` double DEFAULT NULL,
  `TeacherComments` varchar(255) DEFAULT NULL,
  `Information` double DEFAULT NULL,
  `Grammar` double DEFAULT NULL,
  `Logical` double DEFAULT NULL,
  `Skill` double DEFAULT NULL,
  PRIMARY KEY (`id`) USING BTREE
) ENGINE=InnoDB AUTO_INCREMENT=30 DEFAULT CHARSET=utf8 ROW_FORMAT=DYNAMIC;
/*!40101 SET character_set_client = @saved_cs_client */;

--
-- Dumping data for table `exercises`
--

LOCK TABLES `exercises` WRITE;
/*!40000 ALTER TABLE `exercises` DISABLE KEYS */;
INSERT INTO `exercises` VALUES (1,'210001','2023-12-17 13:37:25',NULL,1,'2023-12-17 05:37:25','2023-12-27 07:14:17',1,NULL,'compared with western countries China set out much later to build its museums and the development of museums in the country was slow in the past,the first public museum of the country non two museum was founded in non tung a city of east china\'s John sue province in nineteen oh five,in November nineteen forty nine china\'s ministry of culture established the cultural relics administrative bureau which began management of the twenty one museums in the country,since then museum administrative authorities at different levels have been gradually established throughout the country especially after the start of the reform and opening up in nineteen seventy eight with the improvement of china\'s overall national strength Chinese museums have witnessed a more rapid development slashed begun developing more rapidly ',73.4,50,90,99,100,53,91,'',80,99,70,50),(2,'210001','2023-12-17 13:38:06',NULL,NULL,'2023-12-17 05:38:06','2023-12-17 05:38:06',2,NULL,'with the rapid development of science and technology and the swift changes in the world economic order and patterns population and development have further become an important issue which draws general concern of the international community,it is the common choice of all countries to seek a way to achieve sustainable development with population economy society resources and environment all in harmony,china\'s main guidelines for tackling the population and development issue are clearly spelled out,China will take into consideration its basic national conditions and tackle its own population and development issue in its own specific way,with a full consideration of different cultural backgrounds and religious beliefs among O m nationalities China will persistently make great efforts in formulating and implementing population and development plans and policies',70.05,60,55,86,85,52,91,'翻译的很不错！但是吧！...',NULL,NULL,NULL,NULL),(3,'210001','2023-12-17 13:39:13',NULL,NULL,'2023-12-17 05:39:13','2023-12-17 05:39:13',3,NULL,'尽管大家都认为我们如今生活在同一个地球村，但是普通美国人对中国的了解部分是来自于参加建设我们国家的美籍华人。中国和美国在地理上相隔甚远，然而在美国取得的成就中，很难找到没有美籍华人涉足的领域，中华儿女在美国所做出的诸多贡献，无论大小，都充分体现了他们自身的才华，勤奋以及他们父母的奉献。对此，我们深深地感谢中国，正如我们已经从来美华人取得的成就中受益那样，美国可以从一个自信的，发展中的中国获得利益。这种态度，将为加深两国友谊打下坚实的基础。',80.55,82,75,84,90,61,95,'翻译的不错，下次继续努力！',NULL,NULL,NULL,NULL),(4,'210001','2023-12-17 13:39:47',NULL,NULL,'2023-12-17 05:39:47','2023-12-17 05:39:47',4,NULL,'我很高兴向各位介绍多伦多市在与其周边城市经济一体化的过程中是如何竭尽全力的将自己打造成为一座绿色城市的？多伦多是个已经发展成型的大都市，这就限制了其发展绿地的潜力，大多伦多地区有着最多样化的经济实体，其最大的经济体包括航空业，生物医药业，食品加工业，商业服务业等。由于该区域的城市化，其经济实体的发展与跨越了城市边界，因此政府采取了一些措施，使高附加值的商务运作实体坐落在多伦多市区内。传统的重工业则向多伦多周边地区转移，这是因为多伦多周边地区的地税较低，而且有大量的土地可发展为绿地。',78.4,88,79,70,88,61,94,'翻译过程较快，可以带有感情翻译',NULL,NULL,NULL,NULL),(5,'210001','2023-12-17 13:40:39',NULL,NULL,'2023-12-17 05:40:39','2023-12-17 05:40:39',5,NULL,'ladies and gentlemen welcome to jeana high-tech park,I am operation manager of the park,it\'s my great honor to give you an introduction on how to attract foreign investment to the park,the park\'s two leading industries our information technology and modern biotechnology,the park administration takes strong measures to improve the investment environment and to make the park one of the best investment destinations in north China,the park is selection criteria for the target industries are as follows,they must strengthen research and development functions and collaborate with universities and public research institutes,so far multinational companies from the United States Japan Germany and the United kingdom have already settled down in the park,great achievements have been slashed remarkable progress has been made in attracting foreign investments',74.45,83,72,71,84,51,90,'这次翻译还行，继续加油！',NULL,NULL,NULL,NULL),(6,'210002','2023-12-17 13:41:28',NULL,NULL,'2023-12-17 05:41:28','2023-12-17 05:41:28',6,NULL,'知识经济表明了人类即将进入的一个全新的战略发展时代，知识正成为最重要的资本和生产力，知识经济有一大特点，那就是创新。创新只创造新知识和运用新知识的能力，此种能力不仅决定财富的多少，还是取得竞争优势的基础，如果能不断发展前瞻的眼光，挖掘自身的潜力，保持开放的头脑，你便向知识经济时代迈出了第一步。我很高兴，中国将实施国家中长期教育改革和发展规划纲要，我相信这个纲要将鼓励贵国年轻人不断汲取新知识，并运用于科技之中。',69.7,76,85,53,70,61,94,'还需要努力！',NULL,NULL,NULL,NULL),(7,'210002','2023-12-17 13:41:51',NULL,NULL,'2023-12-17 05:41:51','2023-12-17 05:41:51',7,NULL,'至于我们美国人，你们会感到我们太看重个人主义太看重个人利益，这样可能会牺牲集体的利益，甚至会损害社会的和谐。是的，但你们不必担忧我们美国人的工作理念更强调个人主义，我们一般重视的是结果和成就，而不是过程。如果我没理解错的话中国传统的工作理念是以儒家学说为基础的，这种思想强调整体和谐，高于个体自由，由于文化差异的存在真的很难说哪种理念更好。随着经济全球化，文化交流也随之变得越来越广泛，美国人民和中国人民将会更加互相了解和理解。',-1,0,0,0,0,0,0,NULL,NULL,NULL,NULL,NULL),(8,'210002','2023-12-17 13:42:27',NULL,NULL,'2023-12-17 05:42:27','2023-12-17 05:42:27',8,NULL,'being a common language of humanity sport is an important factor in the promotion of peace and development,ever since ancient times sport has transcended differences in race color and culture,sport has given expression to humanity\'s aspirations for in pursuit of a peaceful and better world as evidenced in the Olympic spirit that came into being more than two thousand years ago,sport and physical education our activities undertaken in humanity ceaseless pursuit of the Olympic ideal,sport not only built ones physique but also teaches communication cooperation respect for others,it is also an important medium for strengthening the ties among different civilizations and values',-1,0,0,0,0,0,0,NULL,NULL,NULL,NULL,NULL),(9,'210003','2023-12-17 13:43:05',NULL,NULL,'2023-12-17 05:43:05','2023-12-17 05:43:05',9,NULL,'now i\'d like to give you a brief introduction to the world heritage sites in China,China is a country with an age old history of brilliant civilization and magnificent landscapes,on this land China enjoys diverse and beautiful natural and geographical conditions and landscapes with the varied features of north east south and west,such excellent geographical conditions have produced many natural scenic spots,the rich and precious cultural and natural heritage is left by China s long history our assets for both the Chinese nation and the rest of the world,today however these cultural and natural heritages are threatened by the increasing damages mainly caused by their own old age and some by manmade damage to which we should pay high attention',81.5,50,0,0,0,53,91,'最新的测试',98,70,66,80),(10,'210003','2023-12-17 13:43:36',NULL,1,'2023-12-17 05:43:36','2023-12-17 05:43:36',10,NULL,'女士们，先生们，当今世界一些地区正面临着严重的贫穷问题，我们必须重新将资源和注意力更加集中地投向那些经济落后的地区和人们。此外，我们必须牢记世界上的贫穷，人们自己比任何人都更想消除贫困，只是他们往往缺乏必要的消除贫困的指导和方式方法。因此，我们要鼓励公民积极参与政策制定，还需要各国政府采取对公民更加负责任的态度，以实现他们的奋斗目标。今天我们和贫困人们共同携手，这是一种紧密而又广泛的合作，它将使全世界的公民社会，私营企业以及个人团结在一起。',-1,0,0,0,0,0,0,NULL,NULL,NULL,NULL,NULL),(14,'210001','2023-12-17 12:40:37',NULL,NULL,'2023-12-17 04:40:37','2023-12-28 16:29:54',1,NULL,'about one hundred and twenty five years after the appearance of this treaters in seventeen ninety five the league of Nations was founded after the first world war,after the second world war it was replaced by the United Nations so you could say that can\'t was the father of the you n idea Hans point was that man\'s practical reason requires the Nations to emerge from their wild state of nature which creates wars,under contract to keep the peace although the road to the establishment of a league of Nations is laborious it is our duty to work for the universal and lasting securing of peace,the establishment of such a league was for Kant a far distant goal you could almost say it was philosophies ultimate goal,I am in Lebanon at the moment,so if we put the note in her pocket and continued on her way home would,this was the kind of meeting in the woods Alberto had warned her about but she couldn\'t have let the little telly wander about in the woods on a never-ending hunt for hilder through the looking glass could she',49,50,0,0,0,54,100,'略有卡顿',40,70,60,80),(15,'210001','2023-12-17 08:07:00',NULL,NULL,'2023-12-17 00:07:00','2023-12-17 00:07:00',1,NULL,'about one hundred and twenty five years after the appearance of this treaters in seventeen ninety five the league of Nations was founded after the first world war,after the second world war it was replaced by the United Nations so you could say that can\'t was the father of the you n idea Hans point was that man\'s practical reason requires the Nations to emerge from their wild state of nature which creates wars,under contract to keep the peace although the road to the establishment of a league of Nations is laborious it is our duty to work for the universal and lasting securing of peace,the establishment of such a league was for Kant a far distant goal you could almost say it was philosophies ultimate goal,I am in Lebanon at the moment,so if we put the note in her pocket and continued on her way home would,this was the kind of meeting in the woods Alberto had warned her about but she couldn\'t have let the little telly wander about in the woods on a never-ending hunt for hilder through the looking glass could she',-1,0,0,0,0,0,0,NULL,NULL,NULL,NULL,NULL),(16,'210001','2023-12-17 08:17:04',NULL,NULL,'2023-12-17 00:17:04','2023-12-17 00:17:04',1,NULL,'about one hundred and twenty five years after the appearance of this treaters in seventeen ninety five the league of Nations was founded after the first world war,after the second world war it was replaced by the United Nations so you could say that can\'t was the father of the you n idea Hans point was that man\'s practical reason requires the Nations to emerge from their wild state of nature which creates wars,under contract to keep the peace although the road to the establishment of a league of Nations is laborious it is our duty to work for the universal and lasting securing of peace,the establishment of such a league was for Kant a far distant goal you could almost say it was philosophies ultimate goal,I am in Lebanon at the moment,so if we put the note in her pocket and continued on her way home would,this was the kind of meeting in the woods Alberto had warned her about but she couldn\'t have let the little telly wander about in the woods on a never-ending hunt for hilder through the looking glass could she',-1,0,0,0,0,0,0,NULL,NULL,NULL,NULL,NULL),(17,'210001','2023-12-17 08:20:20',NULL,NULL,'2023-12-17 00:20:20','2023-12-17 00:20:20',1,NULL,'about one hundred and twenty five years after the appearance of this treaters in seventeen ninety five the league of Nations was founded after the first world war,after the second world war it was replaced by the United Nations so you could say that can\'t was the father of the you n idea Hans point was that man\'s practical reason requires the Nations to emerge from their wild state of nature which creates wars,under contract to keep the peace although the road to the establishment of a league of Nations is laborious it is our duty to work for the universal and lasting securing of peace,the establishment of such a league was for Kant a far distant goal you could almost say it was philosophies ultimate goal,I am in Lebanon at the moment,so if we put the note in her pocket and continued on her way home would,this was the kind of meeting in the woods Alberto had warned her about but she couldn\'t have let the little telly wander about in the woods on a never-ending hunt for hilder through the looking glass could she',-1,0,0,0,0,0,0,NULL,NULL,NULL,NULL,NULL),(18,'210001','2023-12-17 08:26:19',NULL,NULL,'2023-12-17 00:26:19','2023-12-17 00:26:19',1,NULL,'if she fuck a zombie don\'t watch labour when she then y\'all want to watch a drunk girl when Joshua vagina should she be so mad,wow,jungle daddy to come home one sure na tomboy gua GA gua yang yang where you since I don\'t eat you don\'t sushi,wow detail sit on ya drunk woven white boy then why you each have won a cashier when they actually eats apple one should she go on leave,jungle KO de Lucy Lila Gucci gang needs to go,Josie should teach of cheap onion gag Di phone you like sweet or good I don\'t need attention John wood ball one show dollar shipment charge am I',-1,0,NULL,NULL,NULL,0,0,NULL,0,0,0,0),(20,'210001','2023-12-18 13:17:44',NULL,NULL,'2023-12-18 05:17:44','2023-12-18 05:17:44',20,NULL,'so what he made oh ya ya ya ya ya girl got a shit but you would she look that may wash up funky she wont mate I hope you don\'t go his own way to be tight poker cheating don\'t mean you hurt don\'t ya,you little shit your function away y\'all got on go to hope you couldnt watching don\'t know may you guys have enjoyed the show funky jungle hurt or coaching change in fortune don\'t you leave me t,hungry hoping not,womankind dollar to fund out how about God June found Julie she agree to hoping what they usually do to our young what am I for you you are lieng something in him that I\'ll phone you move all her knowledge and harling ruling India intent on hunting google job search will contain little solution changes,Hopi her trade on KO change name ng in gun pointed changes in the jungle Rachel hoping to go today single hold view how would you change in culture she I\'ll go phones usually enjoy,me too hoping Holly you on your own phone company heard your content she eating junky she told me to make her talk her into your language her shifted Neil young was on the girl you love for your other little weight on body checking tang change himself for Wheeler teaching shooting for your,room funky may function fine Bonnie shading girls hanging being cheated folk may find tiny the girl from you won\'t read on party cheating trimming your social coaching hurtful coming jumping holiday cheer to enjoy the tangy hole loose your soul',-1,0,NULL,NULL,NULL,0,0,NULL,0,0,0,0),(21,'210001','2023-12-18 14:34:55',NULL,NULL,'2023-12-18 06:34:55','2023-12-18 06:42:05',21,NULL,'so what he made oh ya ya ya ya ya girl got a shit but you would she look that may wash up funky she wont mate I hope you don\'t go his own way to be tight poker cheating don\'t mean you hurt don\'t ya,you little shit your function away y\'all got on go to hope you couldnt watching don\'t know may you guys have enjoyed the show funky jungle hurt or coaching change in fortune don\'t you leave me t,hungry hoping not,womankind dollar to fund out how about God June found Julie she agree to hoping what they usually do to our young what am I for you you are lieng something in him that I\'ll phone you move all her knowledge and harling ruling India intent on hunting google job search will contain little solution changes,Hopi her trade on KO change name ng in gun pointed changes in the jungle Rachel hoping to go today single hold view how would you change in culture she I\'ll go phones usually enjoy,me too hoping Holly you on your own phone company heard your content she eating junky she told me to make her talk her into your language her shifted Neil young was on the girl you love for your other little weight on body checking tang change himself for Wheeler teaching shooting for your,room funky may function fine Bonnie shading girls hanging being cheated folk may find tiny the girl from you won\'t read on party cheating trimming your social coaching hurtful coming jumping holiday cheer to enjoy the tangy hole loose your soul',90.35,98,NULL,NULL,NULL,50,100,'总体来说，翻译得不错',88,88,88,95),(22,'210004','2023-12-27 02:31:29',NULL,NULL,'2023-12-26 18:31:30','2023-12-26 18:33:08',1,NULL,'people in the news yo yo ma,wow,hi little fox readers on today\'s people in the news Olivia will be introducing us to yo yo ma whose musical gifts have made him the most famous cellist in the world,hi everyone yo yo mom was born in nineteen fifty five in Paris France,his father was a highly respected music teacher who began teaching yo yo to play the cello when yoyo was only four,some of the earliest pieces of music that yo you\'ll learn to play where bach\'s cello suites which are really difficult for most musicians,but yoyos father had a special technique for teaching yoyo learned to measures each day and by the end of a year he knew three of the suites by heart,but yoyo wasn\'t good merely because he could play difficult pieces of music,he was able to pour a lot of emotion into his playing and it wasn\'t long before other musician saw him as a child prodigy,in nineteen sixty one when yoyo was six he and his family moved to new York in the United States,a year later he and his sister performed in Washington DC for president Kennedy along with a crowd of five thousand people,two years after that yoyo and his sister performed in Carnegie Hall one of the world\'s most famous concert halls,after completing high school when he was fifteen yoyo enrolled in the Juilliard school a world renowned music school,but he soon grew frustrated with spending endless hours in a practice room and he began acting out,he rarely listened to his teachers and he avoided practicing as much as possible,yoyo eventually realized that he wanted to experience other things in life besides the cello,so he left Juilliard and without telling his parents he enrolled in Harvard university where he had a chance to learn about subjects such as history philosophy and literature,he became particularly interested in anthropology the study of other cultures,yoyos time at Harvard gave him a much broader view of the world a view he never would have acquired if he\'d stayed in music school,what about the cello did yoyo still play while he was a student at Harvard,yes you\'re still dedicated a lot of time to his instrument performing at student functions and other events in addition he performed professionally around the world as both a soloist and a member of small groups and full symphony orchestras,then when ya yall was twenty two he recorded his first album,several more followed and in nineteen eighty three he recorded Bach unaccompanied cello suites the same suites his father had taught him when he was first learning to play,the recording was a huge hit with classical music fans and it earned yoyo a Grammy and important award in the music industry,yoyo went on to record over seventy five albums many of which were critically acclaimed,he also appeared on several television shows and played cello on some movie soundtracks,in fact his growing popularity helped to make classical music a lot more popular in the us,yoyo doesn\'t just play classical music though he has always been interested in other cultures and that has led him to experiment with the music of many of those cultures,in nineteen ninety three yoyo traveled to the Kalahari desert in Africa to meet with the bushman a group of hunter gatherers he had learned about while studying anthropology and college,yoyo played some classical music for the bushman and then they played some of their music for him,yo you\'ll learn about their musical traditions and had an opportunity to play some of their instruments,yoyo has also recorded quite a few non classical albums over the years collaborating with recording artists from many other genres including rock jazz folk bluegrass bossa Nova and tango,it sounds like yoyo really enjoys working with other musicians,he sure does that\'s partly because there isn\'t a whole lot of music for just the cello so yoyo doesn\'t have much choice he has to work with other people,but more importantly yo you loves to learn from others,he believed that when two people share their ideas and talents with each other both people grow and improve as a result,yoyos passion for sharing musical ideas led him to establish the silk road project in nineteen ninety eight,this nonprofit arts organization was named after the silk road the ancient trade route that connected China to the Roman empire,many cultures traded goods than ideas along this road and the mission of yoyos organization echoes this idea bringing together artists and musicians from around the world,the silk road project promotes learning and sharing among various cultures and sponsors educational programs in schools residencies for musicians and workshops,the silk road project also spawned the silk road ensemble a group of musicians from over twenty different countries,yoyo is the artistic director of the group as well as a performing member,beyond sampled tours regularly and plays in all sorts of places from large concert halls to smaller galleries,needless to say yoyo is a very busy man and maybe that can partly explain another event he is famous for one day in nineteen ninety nine yoyo was so distracted he actually left his cello behind in the trunk of a new York city taxi,the two point five million dollar jello is missing for several hours before it was finally located and returned safely just in time for his concert that night,wow good thing yoyo got his cello back after learning more about yoyo ma there\'s just one thing I want to do now listen to some music,that\'s it for this week people in the news little fox readers we\'ll see you next time,little fox',74.5,80,NULL,NULL,NULL,52,100,'好',70,90,70,80),(23,'210004','2023-12-27 02:31:38',NULL,NULL,'2023-12-26 18:31:38','2023-12-26 18:31:39',1,NULL,'people in the news yo yo ma,wow,hi little fox readers on today\'s people in the news Olivia will be introducing us to yo yo ma whose musical gifts have made him the most famous cellist in the world,hi everyone yo yo mom was born in nineteen fifty five in Paris France,his father was a highly respected music teacher who began teaching yo yo to play the cello when yoyo was only four,some of the earliest pieces of music that yo you\'ll learn to play where bach\'s cello suites which are really difficult for most musicians,but yoyos father had a special technique for teaching yoyo learned to measures each day and by the end of a year he knew three of the suites by heart,but yoyo wasn\'t good merely because he could play difficult pieces of music,he was able to pour a lot of emotion into his playing and it wasn\'t long before other musician saw him as a child prodigy,in nineteen sixty one when yoyo was six he and his family moved to new York in the United States,a year later he and his sister performed in Washington DC for president Kennedy along with a crowd of five thousand people,two years after that yoyo and his sister performed in Carnegie Hall one of the world\'s most famous concert halls,after completing high school when he was fifteen yoyo enrolled in the Juilliard school a world renowned music school,but he soon grew frustrated with spending endless hours in a practice room and he began acting out,he rarely listened to his teachers and he avoided practicing as much as possible,yoyo eventually realized that he wanted to experience other things in life besides the cello,so he left Juilliard and without telling his parents he enrolled in Harvard university where he had a chance to learn about subjects such as history philosophy and literature,he became particularly interested in anthropology the study of other cultures,yoyos time at Harvard gave him a much broader view of the world a view he never would have acquired if he\'d stayed in music school,what about the cello did yoyo still play while he was a student at Harvard,yes you\'re still dedicated a lot of time to his instrument performing at student functions and other events in addition he performed professionally around the world as both a soloist and a member of small groups and full symphony orchestras,then when ya yall was twenty two he recorded his first album,several more followed and in nineteen eighty three he recorded Bach unaccompanied cello suites the same suites his father had taught him when he was first learning to play,the recording was a huge hit with classical music fans and it earned yoyo a Grammy and important award in the music industry,yoyo went on to record over seventy five albums many of which were critically acclaimed,he also appeared on several television shows and played cello on some movie soundtracks,in fact his growing popularity helped to make classical music a lot more popular in the us,yoyo doesn\'t just play classical music though he has always been interested in other cultures and that has led him to experiment with the music of many of those cultures,in nineteen ninety three yoyo traveled to the Kalahari desert in Africa to meet with the bushman a group of hunter gatherers he had learned about while studying anthropology and college,yoyo played some classical music for the bushman and then they played some of their music for him,yo you\'ll learn about their musical traditions and had an opportunity to play some of their instruments,yoyo has also recorded quite a few non classical albums over the years collaborating with recording artists from many other genres including rock jazz folk bluegrass bossa Nova and tango,it sounds like yoyo really enjoys working with other musicians,he sure does that\'s partly because there isn\'t a whole lot of music for just the cello so yoyo doesn\'t have much choice he has to work with other people,but more importantly yo you loves to learn from others,he believed that when two people share their ideas and talents with each other both people grow and improve as a result,yoyos passion for sharing musical ideas led him to establish the silk road project in nineteen ninety eight,this nonprofit arts organization was named after the silk road the ancient trade route that connected China to the Roman empire,many cultures traded goods than ideas along this road and the mission of yoyos organization echoes this idea bringing together artists and musicians from around the world,the silk road project promotes learning and sharing among various cultures and sponsors educational programs in schools residencies for musicians and workshops,the silk road project also spawned the silk road ensemble a group of musicians from over twenty different countries,yoyo is the artistic director of the group as well as a performing member,beyond sampled tours regularly and plays in all sorts of places from large concert halls to smaller galleries,needless to say yoyo is a very busy man and maybe that can partly explain another event he is famous for one day in nineteen ninety nine yoyo was so distracted he actually left his cello behind in the trunk of a new York city taxi,the two point five million dollar jello is missing for several hours before it was finally located and returned safely just in time for his concert that night,wow good thing yoyo got his cello back after learning more about yoyo ma there\'s just one thing I want to do now listen to some music,that\'s it for this week people in the news little fox readers we\'ll see you next time,little fox',-1,0,NULL,NULL,NULL,0,0,NULL,0,0,0,0),(24,'210003','2023-12-27 03:26:15',NULL,NULL,'2023-12-26 19:26:15','2023-12-26 19:26:15',21,NULL,'people in the news yo yo ma,wow,hi little fox readers on today\'s people in the news Olivia will be introducing us to yo yo ma whose musical gifts have made him the most famous cellist in the world,hi everyone yo yo mom was born in nineteen fifty five in Paris France,his father was a highly respected music teacher who began teaching yo yo to play the cello when yoyo was only four,some of the earliest pieces of music that yo you\'ll learn to play where bach\'s cello suites which are really difficult for most musicians,but yoyos father had a special technique for teaching yoyo learned to measures each day and by the end of a year he knew three of the suites by heart,but yoyo wasn\'t good merely because he could play difficult pieces of music,he was able to pour a lot of emotion into his playing and it wasn\'t long before other musician saw him as a child prodigy,in nineteen sixty one when yoyo was six he and his family moved to new York in the United States,a year later he and his sister performed in Washington DC for president Kennedy along with a crowd of five thousand people,two years after that yoyo and his sister performed in Carnegie Hall one of the world\'s most famous concert halls,after completing high school when he was fifteen yoyo enrolled in the Juilliard school a world renowned music school,but he soon grew frustrated with spending endless hours in a practice room and he began acting out,he rarely listened to his teachers and he avoided practicing as much as possible,yoyo eventually realized that he wanted to experience other things in life besides the cello,so he left Juilliard and without telling his parents he enrolled in Harvard university where he had a chance to learn about subjects such as history philosophy and literature,he became particularly interested in anthropology the study of other cultures,yoyos time at Harvard gave him a much broader view of the world a view he never would have acquired if he\'d stayed in music school,what about the cello did yoyo still play while he was a student at Harvard,yes you\'re still dedicated a lot of time to his instrument performing at student functions and other events in addition he performed professionally around the world as both a soloist and a member of small groups and full symphony orchestras,then when ya yall was twenty two he recorded his first album,several more followed and in nineteen eighty three he recorded Bach unaccompanied cello suites the same suites his father had taught him when he was first learning to play,the recording was a huge hit with classical music fans and it earned yoyo a Grammy and important award in the music industry,yoyo went on to record over seventy five albums many of which were critically acclaimed,he also appeared on several television shows and played cello on some movie soundtracks,in fact his growing popularity helped to make classical music a lot more popular in the us,yoyo doesn\'t just play classical music though he has always been interested in other cultures and that has led him to experiment with the music of many of those cultures,in nineteen ninety three yoyo traveled to the Kalahari desert in Africa to meet with the bushman a group of hunter gatherers he had learned about while studying anthropology and college,yoyo played some classical music for the bushman and then they played some of their music for him,yo you\'ll learn about their musical traditions and had an opportunity to play some of their instruments,yoyo has also recorded quite a few non classical albums over the years collaborating with recording artists from many other genres including rock jazz folk bluegrass bossa Nova and tango,it sounds like yoyo really enjoys working with other musicians,he sure does that\'s partly because there isn\'t a whole lot of music for just the cello so yoyo doesn\'t have much choice he has to work with other people,but more importantly yo you loves to learn from others,he believed that when two people share their ideas and talents with each other both people grow and improve as a result,yoyos passion for sharing musical ideas led him to establish the silk road project in nineteen ninety eight,this nonprofit arts organization was named after the silk road the ancient trade route that connected China to the Roman empire,many cultures traded goods than ideas along this road and the mission of yoyos organization echoes this idea bringing together artists and musicians from around the world,the silk road project promotes learning and sharing among various cultures and sponsors educational programs in schools residencies for musicians and workshops,the silk road project also spawned the silk road ensemble a group of musicians from over twenty different countries,yoyo is the artistic director of the group as well as a performing member,beyond sampled tours regularly and plays in all sorts of places from large concert halls to smaller galleries,needless to say yoyo is a very busy man and maybe that can partly explain another event he is famous for one day in nineteen ninety nine yoyo was so distracted he actually left his cello behind in the trunk of a new York city taxi,the two point five million dollar jello is missing for several hours before it was finally located and returned safely just in time for his concert that night,wow good thing yoyo got his cello back after learning more about yoyo ma there\'s just one thing I want to do now listen to some music,that\'s it for this week people in the news little fox readers we\'ll see you next time,little fox',-1,0,NULL,NULL,NULL,0,0,NULL,0,0,0,0),(25,'210003','2023-12-27 03:26:33',NULL,NULL,'2023-12-26 19:26:33','2023-12-26 19:26:33',21,NULL,'people in the news yo yo ma,wow,hi little fox readers on today\'s people in the news Olivia will be introducing us to yo yo ma whose musical gifts have made him the most famous cellist in the world,hi everyone yo yo mom was born in nineteen fifty five in Paris France,his father was a highly respected music teacher who began teaching yo yo to play the cello when yoyo was only four,some of the earliest pieces of music that yo you\'ll learn to play where bach\'s cello suites which are really difficult for most musicians,but yoyos father had a special technique for teaching yoyo learned to measures each day and by the end of a year he knew three of the suites by heart,but yoyo wasn\'t good merely because he could play difficult pieces of music,he was able to pour a lot of emotion into his playing and it wasn\'t long before other musician saw him as a child prodigy,in nineteen sixty one when yoyo was six he and his family moved to new York in the United States,a year later he and his sister performed in Washington DC for president Kennedy along with a crowd of five thousand people,two years after that yoyo and his sister performed in Carnegie Hall one of the world\'s most famous concert halls,after completing high school when he was fifteen yoyo enrolled in the Juilliard school a world renowned music school,but he soon grew frustrated with spending endless hours in a practice room and he began acting out,he rarely listened to his teachers and he avoided practicing as much as possible,yoyo eventually realized that he wanted to experience other things in life besides the cello,so he left Juilliard and without telling his parents he enrolled in Harvard university where he had a chance to learn about subjects such as history philosophy and literature,he became particularly interested in anthropology the study of other cultures,yoyos time at Harvard gave him a much broader view of the world a view he never would have acquired if he\'d stayed in music school,what about the cello did yoyo still play while he was a student at Harvard,yes you\'re still dedicated a lot of time to his instrument performing at student functions and other events in addition he performed professionally around the world as both a soloist and a member of small groups and full symphony orchestras,then when ya yall was twenty two he recorded his first album,several more followed and in nineteen eighty three he recorded Bach unaccompanied cello suites the same suites his father had taught him when he was first learning to play,the recording was a huge hit with classical music fans and it earned yoyo a Grammy and important award in the music industry,yoyo went on to record over seventy five albums many of which were critically acclaimed,he also appeared on several television shows and played cello on some movie soundtracks,in fact his growing popularity helped to make classical music a lot more popular in the us,yoyo doesn\'t just play classical music though he has always been interested in other cultures and that has led him to experiment with the music of many of those cultures,in nineteen ninety three yoyo traveled to the Kalahari desert in Africa to meet with the bushman a group of hunter gatherers he had learned about while studying anthropology and college,yoyo played some classical music for the bushman and then they played some of their music for him,yo you\'ll learn about their musical traditions and had an opportunity to play some of their instruments,yoyo has also recorded quite a few non classical albums over the years collaborating with recording artists from many other genres including rock jazz folk bluegrass bossa Nova and tango,it sounds like yoyo really enjoys working with other musicians,he sure does that\'s partly because there isn\'t a whole lot of music for just the cello so yoyo doesn\'t have much choice he has to work with other people,but more importantly yo you loves to learn from others,he believed that when two people share their ideas and talents with each other both people grow and improve as a result,yoyos passion for sharing musical ideas led him to establish the silk road project in nineteen ninety eight,this nonprofit arts organization was named after the silk road the ancient trade route that connected China to the Roman empire,many cultures traded goods than ideas along this road and the mission of yoyos organization echoes this idea bringing together artists and musicians from around the world,the silk road project promotes learning and sharing among various cultures and sponsors educational programs in schools residencies for musicians and workshops,the silk road project also spawned the silk road ensemble a group of musicians from over twenty different countries,yoyo is the artistic director of the group as well as a performing member,beyond sampled tours regularly and plays in all sorts of places from large concert halls to smaller galleries,needless to say yoyo is a very busy man and maybe that can partly explain another event he is famous for one day in nineteen ninety nine yoyo was so distracted he actually left his cello behind in the trunk of a new York city taxi,the two point five million dollar jello is missing for several hours before it was finally located and returned safely just in time for his concert that night,wow good thing yoyo got his cello back after learning more about yoyo ma there\'s just one thing I want to do now listen to some music,that\'s it for this week people in the news little fox readers we\'ll see you next time,little fox',-1,0,NULL,NULL,NULL,0,0,NULL,0,0,0,0),(26,'210003','2023-12-27 03:32:13',NULL,NULL,'2023-12-26 19:32:13','2023-12-26 19:34:59',1,NULL,'people in the news yo yo ma,wow,hi little fox readers on today\'s people in the news Olivia will be introducing us to yo yo ma whose musical gifts have made him the most famous cellist in the world,hi everyone yo yo mom was born in nineteen fifty five in Paris France,his father was a highly respected music teacher who began teaching yo yo to play the cello when yoyo was only four,some of the earliest pieces of music that yo you\'ll learn to play where bach\'s cello suites which are really difficult for most musicians,but yoyos father had a special technique for teaching yoyo learned to measures each day and by the end of a year he knew three of the suites by heart,but yoyo wasn\'t good merely because he could play difficult pieces of music,he was able to pour a lot of emotion into his playing and it wasn\'t long before other musician saw him as a child prodigy,in nineteen sixty one when yoyo was six he and his family moved to new York in the United States,a year later he and his sister performed in Washington DC for president Kennedy along with a crowd of five thousand people,two years after that yoyo and his sister performed in Carnegie Hall one of the world\'s most famous concert halls,after completing high school when he was fifteen yoyo enrolled in the Juilliard school a world renowned music school,but he soon grew frustrated with spending endless hours in a practice room and he began acting out,he rarely listened to his teachers and he avoided practicing as much as possible,yoyo eventually realized that he wanted to experience other things in life besides the cello,so he left Juilliard and without telling his parents he enrolled in Harvard university where he had a chance to learn about subjects such as history philosophy and literature,he became particularly interested in anthropology the study of other cultures,yoyos time at Harvard gave him a much broader view of the world a view he never would have acquired if he\'d stayed in music school,what about the cello did yoyo still play while he was a student at Harvard,yes you\'re still dedicated a lot of time to his instrument performing at student functions and other events in addition he performed professionally around the world as both a soloist and a member of small groups and full symphony orchestras,then when ya yall was twenty two he recorded his first album,several more followed and in nineteen eighty three he recorded Bach unaccompanied cello suites the same suites his father had taught him when he was first learning to play,the recording was a huge hit with classical music fans and it earned yoyo a Grammy and important award in the music industry,yoyo went on to record over seventy five albums many of which were critically acclaimed,he also appeared on several television shows and played cello on some movie soundtracks,in fact his growing popularity helped to make classical music a lot more popular in the us,yoyo doesn\'t just play classical music though he has always been interested in other cultures and that has led him to experiment with the music of many of those cultures,in nineteen ninety three yoyo traveled to the Kalahari desert in Africa to meet with the bushman a group of hunter gatherers he had learned about while studying anthropology and college,yoyo played some classical music for the bushman and then they played some of their music for him,yo you\'ll learn about their musical traditions and had an opportunity to play some of their instruments,yoyo has also recorded quite a few non classical albums over the years collaborating with recording artists from many other genres including rock jazz folk bluegrass bossa Nova and tango,it sounds like yoyo really enjoys working with other musicians,he sure does that\'s partly because there isn\'t a whole lot of music for just the cello so yoyo doesn\'t have much choice he has to work with other people,but more importantly yo you loves to learn from others,he believed that when two people share their ideas and talents with each other both people grow and improve as a result,yoyos passion for sharing musical ideas led him to establish the silk road project in nineteen ninety eight,this nonprofit arts organization was named after the silk road the ancient trade route that connected China to the Roman empire,many cultures traded goods than ideas along this road and the mission of yoyos organization echoes this idea bringing together artists and musicians from around the world,the silk road project promotes learning and sharing among various cultures and sponsors educational programs in schools residencies for musicians and workshops,the silk road project also spawned the silk road ensemble a group of musicians from over twenty different countries,yoyo is the artistic director of the group as well as a performing member,beyond sampled tours regularly and plays in all sorts of places from large concert halls to smaller galleries,needless to say yoyo is a very busy man and maybe that can partly explain another event he is famous for one day in nineteen ninety nine yoyo was so distracted he actually left his cello behind in the trunk of a new York city taxi,the two point five million dollar jello is missing for several hours before it was finally located and returned safely just in time for his concert that night,wow good thing yoyo got his cello back after learning more about yoyo ma there\'s just one thing I want to do now listen to some music,that\'s it for this week people in the news little fox readers we\'ll see you next time,little fox',91.5,100,NULL,NULL,NULL,52,100,'好好好好',90,90,90,80),(27,'210003','2023-12-27 03:32:17',NULL,NULL,'2023-12-26 19:32:17','2023-12-26 19:32:17',1,NULL,'people in the news yo yo ma,wow,hi little fox readers on today\'s people in the news Olivia will be introducing us to yo yo ma whose musical gifts have made him the most famous cellist in the world,hi everyone yo yo mom was born in nineteen fifty five in Paris France,his father was a highly respected music teacher who began teaching yo yo to play the cello when yoyo was only four,some of the earliest pieces of music that yo you\'ll learn to play where bach\'s cello suites which are really difficult for most musicians,but yoyos father had a special technique for teaching yoyo learned to measures each day and by the end of a year he knew three of the suites by heart,but yoyo wasn\'t good merely because he could play difficult pieces of music,he was able to pour a lot of emotion into his playing and it wasn\'t long before other musician saw him as a child prodigy,in nineteen sixty one when yoyo was six he and his family moved to new York in the United States,a year later he and his sister performed in Washington DC for president Kennedy along with a crowd of five thousand people,two years after that yoyo and his sister performed in Carnegie Hall one of the world\'s most famous concert halls,after completing high school when he was fifteen yoyo enrolled in the Juilliard school a world renowned music school,but he soon grew frustrated with spending endless hours in a practice room and he began acting out,he rarely listened to his teachers and he avoided practicing as much as possible,yoyo eventually realized that he wanted to experience other things in life besides the cello,so he left Juilliard and without telling his parents he enrolled in Harvard university where he had a chance to learn about subjects such as history philosophy and literature,he became particularly interested in anthropology the study of other cultures,yoyos time at Harvard gave him a much broader view of the world a view he never would have acquired if he\'d stayed in music school,what about the cello did yoyo still play while he was a student at Harvard,yes you\'re still dedicated a lot of time to his instrument performing at student functions and other events in addition he performed professionally around the world as both a soloist and a member of small groups and full symphony orchestras,then when ya yall was twenty two he recorded his first album,several more followed and in nineteen eighty three he recorded Bach unaccompanied cello suites the same suites his father had taught him when he was first learning to play,the recording was a huge hit with classical music fans and it earned yoyo a Grammy and important award in the music industry,yoyo went on to record over seventy five albums many of which were critically acclaimed,he also appeared on several television shows and played cello on some movie soundtracks,in fact his growing popularity helped to make classical music a lot more popular in the us,yoyo doesn\'t just play classical music though he has always been interested in other cultures and that has led him to experiment with the music of many of those cultures,in nineteen ninety three yoyo traveled to the Kalahari desert in Africa to meet with the bushman a group of hunter gatherers he had learned about while studying anthropology and college,yoyo played some classical music for the bushman and then they played some of their music for him,yo you\'ll learn about their musical traditions and had an opportunity to play some of their instruments,yoyo has also recorded quite a few non classical albums over the years collaborating with recording artists from many other genres including rock jazz folk bluegrass bossa Nova and tango,it sounds like yoyo really enjoys working with other musicians,he sure does that\'s partly because there isn\'t a whole lot of music for just the cello so yoyo doesn\'t have much choice he has to work with other people,but more importantly yo you loves to learn from others,he believed that when two people share their ideas and talents with each other both people grow and improve as a result,yoyos passion for sharing musical ideas led him to establish the silk road project in nineteen ninety eight,this nonprofit arts organization was named after the silk road the ancient trade route that connected China to the Roman empire,many cultures traded goods than ideas along this road and the mission of yoyos organization echoes this idea bringing together artists and musicians from around the world,the silk road project promotes learning and sharing among various cultures and sponsors educational programs in schools residencies for musicians and workshops,the silk road project also spawned the silk road ensemble a group of musicians from over twenty different countries,yoyo is the artistic director of the group as well as a performing member,beyond sampled tours regularly and plays in all sorts of places from large concert halls to smaller galleries,needless to say yoyo is a very busy man and maybe that can partly explain another event he is famous for one day in nineteen ninety nine yoyo was so distracted he actually left his cello behind in the trunk of a new York city taxi,the two point five million dollar jello is missing for several hours before it was finally located and returned safely just in time for his concert that night,wow good thing yoyo got his cello back after learning more about yoyo ma there\'s just one thing I want to do now listen to some music,that\'s it for this week people in the news little fox readers we\'ll see you next time,little fox',-1,0,NULL,NULL,NULL,0,0,NULL,0,0,0,0),(28,'210003','2023-12-27 11:03:34',NULL,NULL,'2023-12-27 03:03:34','2023-12-27 03:03:34',4,NULL,'compared with western countries China set out much later to build its museums and the development of museums in the country was slow in the past,the first public museum of the country non two museum was founded in non tung a city of east china\'s John sue province in nineteen oh five,in November nineteen forty nine china\'s ministry of culture established the cultural relics administrative bureau which began management of the twenty one museums in the country,since then museum administrative authorities at different levels have been gradually established throughout the country especially after the start of the reform and opening up in nineteen seventy eight with the improvement of china\'s overall national strength Chinese museums have witnessed a more rapid development slashed begun developing more rapidly',-1,0,NULL,NULL,NULL,0,0,NULL,0,0,0,0),(29,'210003','2023-12-27 11:12:40',NULL,NULL,'2023-12-27 03:12:40','2023-12-27 03:12:40',6,NULL,'being a common language of humanity sport is an important factor in the promotion of peace and development,ever since ancient times sport has transcended differences in race color and culture,sport has given expression to humanity\'s aspirations for in pursuit of a peaceful and better world as evidenced in the Olympic spirit that came into being more than two thousand years ago,sport and physical education our activities undertaken in humanity ceaseless pursuit of the Olympic ideal,sport not only built ones physique but also teaches communication cooperation respect for others,it is also an important medium for strengthening the ties among different civilizations and values',-1,0,NULL,NULL,NULL,0,0,NULL,0,0,0,0);
/*!40000 ALTER TABLE `exercises` ENABLE KEYS */;
UNLOCK TABLES;

--
-- Table structure for table `i18n_locales`
--

DROP TABLE IF EXISTS `i18n_locales`;
/*!40101 SET @saved_cs_client     = @@character_set_client */;
/*!40101 SET character_set_client = utf8 */;
CREATE TABLE `i18n_locales` (
  `id` int(10) unsigned NOT NULL AUTO_INCREMENT,
  `name` varchar(255) DEFAULT NULL,
  `code` varchar(255) DEFAULT NULL,
  `created_by` int(11) DEFAULT NULL,
  `updated_by` int(11) DEFAULT NULL,
  `created_at` timestamp NULL DEFAULT CURRENT_TIMESTAMP,
  `updated_at` timestamp NULL DEFAULT CURRENT_TIMESTAMP,
  PRIMARY KEY (`id`) USING BTREE,
  UNIQUE KEY `i18n_locales_code_unique` (`code`) USING BTREE
) ENGINE=InnoDB AUTO_INCREMENT=2 DEFAULT CHARSET=utf8 ROW_FORMAT=DYNAMIC;
/*!40101 SET character_set_client = @saved_cs_client */;

--
-- Dumping data for table `i18n_locales`
--

LOCK TABLES `i18n_locales` WRITE;
/*!40000 ALTER TABLE `i18n_locales` DISABLE KEYS */;
INSERT INTO `i18n_locales` VALUES (1,'English (en)','en',NULL,NULL,'2023-07-13 04:00:19','2023-07-13 04:00:19');
/*!40000 ALTER TABLE `i18n_locales` ENABLE KEYS */;
UNLOCK TABLES;

--
-- Table structure for table `strapi_administrator`
--

DROP TABLE IF EXISTS `strapi_administrator`;
/*!40101 SET @saved_cs_client     = @@character_set_client */;
/*!40101 SET character_set_client = utf8 */;
CREATE TABLE `strapi_administrator` (
  `id` int(10) unsigned NOT NULL AUTO_INCREMENT,
  `firstname` varchar(255) DEFAULT NULL,
  `lastname` varchar(255) DEFAULT NULL,
  `username` varchar(255) DEFAULT NULL,
  `email` varchar(255) NOT NULL,
  `password` varchar(255) DEFAULT NULL,
  `resetPasswordToken` varchar(255) DEFAULT NULL,
  `registrationToken` varchar(255) DEFAULT NULL,
  `isActive` tinyint(1) DEFAULT NULL,
  `blocked` tinyint(1) DEFAULT NULL,
  `preferedLanguage` varchar(255) DEFAULT NULL,
  PRIMARY KEY (`id`) USING BTREE,
  UNIQUE KEY `strapi_administrator_email_unique` (`email`) USING BTREE
) ENGINE=InnoDB AUTO_INCREMENT=5 DEFAULT CHARSET=utf8 ROW_FORMAT=DYNAMIC;
/*!40101 SET character_set_client = @saved_cs_client */;

--
-- Dumping data for table `strapi_administrator`
--

LOCK TABLES `strapi_administrator` WRITE;
/*!40000 ALTER TABLE `strapi_administrator` DISABLE KEYS */;
INSERT INTO `strapi_administrator` VALUES (1,'涛','刘',NULL,'389133390@qq.com','$2a$10$p9k60nVb42quJv5Zi/QniOndRpXLS7L/tjPycYR17lmcMBIxI0XMq',NULL,NULL,1,NULL,NULL),(2,'老师','杨',NULL,'123456@qq.com','$2a$10$DYrbdoP/76fguiG9MDwOmeRoX9bwQCGCfcBTB3T1Taoz6N23Hjrbm',NULL,'e2819ded73c5dcb3f895dbe50ca7e8a31797040a',1,NULL,NULL),(3,'老师','王',NULL,'1234567@qq.com','$2a$10$CjncJzuen9EE/8tk.ZUblO0N5a9Hbi4kvOIBOBEmUtDmzAgZ.a8CC',NULL,'6fd351d96cc7d590e6c6b19af7a31e82179f0b52',1,NULL,NULL),(4,'同学','1',NULL,'tx1@qq.com','$2a$10$TquTF4w8D1NVbaWTS2QKjuA5wIKbWY7/AYoknDR0db5/UAoHtcoqq',NULL,'c43a6f8d290d1dc7a3315b924d78e44e131d9d60',1,NULL,NULL);
/*!40000 ALTER TABLE `strapi_administrator` ENABLE KEYS */;
UNLOCK TABLES;

--
-- Table structure for table `strapi_permission`
--

DROP TABLE IF EXISTS `strapi_permission`;
/*!40101 SET @saved_cs_client     = @@character_set_client */;
/*!40101 SET character_set_client = utf8 */;
CREATE TABLE `strapi_permission` (
  `id` int(10) unsigned NOT NULL AUTO_INCREMENT,
  `action` varchar(255) NOT NULL,
  `subject` varchar(255) DEFAULT NULL,
  `properties` longtext,
  `conditions` longtext,
  `role` int(11) DEFAULT NULL,
  `created_at` timestamp NULL DEFAULT CURRENT_TIMESTAMP,
  `updated_at` timestamp NULL DEFAULT CURRENT_TIMESTAMP,
  PRIMARY KEY (`id`) USING BTREE
) ENGINE=InnoDB AUTO_INCREMENT=951 DEFAULT CHARSET=utf8 ROW_FORMAT=DYNAMIC;
/*!40101 SET character_set_client = @saved_cs_client */;

--
-- Dumping data for table `strapi_permission`
--

LOCK TABLES `strapi_permission` WRITE;
/*!40000 ALTER TABLE `strapi_permission` DISABLE KEYS */;
INSERT INTO `strapi_permission` VALUES (1,'plugins::upload.read',NULL,'{}','[]',2,'2023-07-13 04:00:21','2023-07-13 04:00:21'),(2,'plugins::upload.assets.create',NULL,'{}','[]',2,'2023-07-13 04:00:21','2023-07-13 04:00:21'),(3,'plugins::upload.assets.update',NULL,'{}','[]',2,'2023-07-13 04:00:21','2023-07-13 04:00:21'),(4,'plugins::upload.assets.download',NULL,'{}','[]',2,'2023-07-13 04:00:21','2023-07-13 04:00:21'),(5,'plugins::upload.assets.copy-link',NULL,'{}','[]',2,'2023-07-13 04:00:21','2023-07-13 04:00:21'),(6,'plugins::upload.read',NULL,'{}','[\"admin::is-creator\"]',3,'2023-07-13 04:00:21','2023-07-13 04:00:21'),(7,'plugins::upload.assets.create',NULL,'{}','[]',3,'2023-07-13 04:00:21','2023-07-13 04:00:21'),(8,'plugins::upload.assets.update',NULL,'{}','[\"admin::is-creator\"]',3,'2023-07-13 04:00:21','2023-07-13 04:00:21'),(9,'plugins::upload.assets.download',NULL,'{}','[]',3,'2023-07-13 04:00:21','2023-07-13 04:00:21'),(10,'plugins::upload.assets.copy-link',NULL,'{}','[]',3,'2023-07-13 04:00:21','2023-07-13 04:00:21'),(11,'plugins::content-manager.explorer.create','plugins::users-permissions.user','{\"fields\":[\"username\",\"email\",\"provider\",\"password\",\"resetPasswordToken\",\"confirmationToken\",\"confirmed\",\"blocked\",\"role\"]}','[]',1,'2023-07-13 04:00:21','2023-07-13 04:00:21'),(12,'plugins::content-manager.explorer.read','plugins::users-permissions.user','{\"fields\":[\"username\",\"email\",\"provider\",\"password\",\"resetPasswordToken\",\"confirmationToken\",\"confirmed\",\"blocked\",\"role\"]}','[]',1,'2023-07-13 04:00:21','2023-07-13 04:00:21'),(13,'plugins::content-manager.explorer.update','plugins::users-permissions.user','{\"fields\":[\"username\",\"email\",\"provider\",\"password\",\"resetPasswordToken\",\"confirmationToken\",\"confirmed\",\"blocked\",\"role\"]}','[]',1,'2023-07-13 04:00:21','2023-07-13 04:00:21'),(15,'plugins::content-type-builder.read',NULL,'{}','[]',1,'2023-07-13 04:00:21','2023-07-13 04:00:21'),(16,'plugins::email.settings.read',NULL,'{}','[]',1,'2023-07-13 04:00:21','2023-07-13 04:00:21'),(17,'plugins::upload.read',NULL,'{}','[]',1,'2023-07-13 04:00:21','2023-07-13 04:00:21'),(18,'plugins::upload.assets.create',NULL,'{}','[]',1,'2023-07-13 04:00:21','2023-07-13 04:00:21'),(19,'plugins::upload.assets.update',NULL,'{}','[]',1,'2023-07-13 04:00:21','2023-07-13 04:00:21'),(20,'plugins::upload.assets.download',NULL,'{}','[]',1,'2023-07-13 04:00:21','2023-07-13 04:00:21'),(21,'plugins::upload.assets.copy-link',NULL,'{}','[]',1,'2023-07-13 04:00:21','2023-07-13 04:00:21'),(22,'plugins::upload.settings.read',NULL,'{}','[]',1,'2023-07-13 04:00:21','2023-07-13 04:00:21'),(23,'plugins::content-manager.single-types.configure-view',NULL,'{}','[]',1,'2023-07-13 04:00:21','2023-07-13 04:00:21'),(24,'plugins::content-manager.collection-types.configure-view',NULL,'{}','[]',1,'2023-07-13 04:00:21','2023-07-13 04:00:21'),(25,'plugins::content-manager.components.configure-layout',NULL,'{}','[]',1,'2023-07-13 04:00:21','2023-07-13 04:00:21'),(26,'plugins::i18n.locale.create',NULL,'{}','[]',1,'2023-07-13 04:00:21','2023-07-13 04:00:21'),(27,'plugins::i18n.locale.read',NULL,'{}','[]',1,'2023-07-13 04:00:21','2023-07-13 04:00:21'),(28,'plugins::i18n.locale.update',NULL,'{}','[]',1,'2023-07-13 04:00:21','2023-07-13 04:00:21'),(29,'plugins::i18n.locale.delete',NULL,'{}','[]',1,'2023-07-13 04:00:21','2023-07-13 04:00:21'),(30,'plugins::users-permissions.roles.create',NULL,'{}','[]',1,'2023-07-13 04:00:21','2023-07-13 04:00:21'),(31,'plugins::users-permissions.roles.read',NULL,'{}','[]',1,'2023-07-13 04:00:21','2023-07-13 04:00:21'),(32,'plugins::users-permissions.roles.update',NULL,'{}','[]',1,'2023-07-13 04:00:21','2023-07-13 04:00:21'),(33,'plugins::users-permissions.roles.delete',NULL,'{}','[]',1,'2023-07-13 04:00:21','2023-07-13 04:00:21'),(34,'plugins::users-permissions.providers.read',NULL,'{}','[]',1,'2023-07-13 04:00:21','2023-07-13 04:00:21'),(35,'plugins::users-permissions.providers.update',NULL,'{}','[]',1,'2023-07-13 04:00:21','2023-07-13 04:00:21'),(36,'plugins::users-permissions.email-templates.read',NULL,'{}','[]',1,'2023-07-13 04:00:21','2023-07-13 04:00:21'),(37,'plugins::users-permissions.email-templates.update',NULL,'{}','[]',1,'2023-07-13 04:00:21','2023-07-13 04:00:21'),(38,'plugins::users-permissions.advanced-settings.read',NULL,'{}','[]',1,'2023-07-13 04:00:21','2023-07-13 04:00:21'),(39,'plugins::users-permissions.advanced-settings.update',NULL,'{}','[]',1,'2023-07-13 04:00:21','2023-07-13 04:00:21'),(40,'admin::marketplace.read',NULL,'{}','[]',1,'2023-07-13 04:00:21','2023-07-13 04:00:21'),(41,'admin::marketplace.plugins.install',NULL,'{}','[]',1,'2023-07-13 04:00:21','2023-07-13 04:00:21'),(42,'admin::marketplace.plugins.uninstall',NULL,'{}','[]',1,'2023-07-13 04:00:21','2023-07-13 04:00:21'),(43,'admin::webhooks.create',NULL,'{}','[]',1,'2023-07-13 04:00:21','2023-07-13 04:00:21'),(44,'admin::webhooks.read',NULL,'{}','[]',1,'2023-07-13 04:00:21','2023-07-13 04:00:21'),(45,'admin::webhooks.update',NULL,'{}','[]',1,'2023-07-13 04:00:21','2023-07-13 04:00:21'),(46,'admin::webhooks.delete',NULL,'{}','[]',1,'2023-07-13 04:00:21','2023-07-13 04:00:21'),(47,'admin::users.create',NULL,'{}','[]',1,'2023-07-13 04:00:21','2023-07-13 04:00:21'),(48,'admin::users.read',NULL,'{}','[]',1,'2023-07-13 04:00:21','2023-07-13 04:00:21'),(49,'admin::users.update',NULL,'{}','[]',1,'2023-07-13 04:00:21','2023-07-13 04:00:21'),(50,'admin::users.delete',NULL,'{}','[]',1,'2023-07-13 04:00:21','2023-07-13 04:00:21'),(51,'admin::roles.create',NULL,'{}','[]',1,'2023-07-13 04:00:21','2023-07-13 04:00:21'),(52,'admin::roles.read',NULL,'{}','[]',1,'2023-07-13 04:00:21','2023-07-13 04:00:21'),(53,'admin::roles.update',NULL,'{}','[]',1,'2023-07-13 04:00:21','2023-07-13 04:00:21'),(54,'admin::roles.delete',NULL,'{}','[]',1,'2023-07-13 04:00:21','2023-07-13 04:00:21'),(97,'plugins::documentation.settings.update',NULL,'{}','[]',1,'2023-07-13 09:17:00','2023-07-13 09:17:00'),(98,'plugins::documentation.settings.regenerate',NULL,'{}','[]',1,'2023-07-13 09:17:00','2023-07-13 09:17:00'),(99,'plugins::documentation.read',NULL,'{}','[]',1,'2023-07-13 09:17:00','2023-07-13 09:17:00'),(182,'plugins::content-manager.explorer.create','application::exercises.exercises','{\"fields\":[\"StuID\"]}','[\"admin::is-creator\"]',3,'2023-07-13 22:44:39','2023-08-27 23:15:39'),(183,'plugins::content-manager.explorer.read','application::exercises.exercises','{\"fields\":[\"StuID\"]}','[\"admin::is-creator\"]',3,'2023-07-13 22:44:39','2023-08-27 23:15:39'),(184,'plugins::content-manager.explorer.update','application::exercises.exercises','{\"fields\":[\"StuID\"]}','[\"admin::is-creator\"]',3,'2023-07-13 22:44:39','2023-08-27 23:15:39'),(185,'plugins::content-manager.explorer.delete','application::exercises.exercises','{}','[\"admin::is-creator\"]',3,'2023-07-13 22:44:39','2023-07-13 22:44:39'),(186,'plugins::content-manager.explorer.create','application::corpus.corpus','{\"fields\":[\"Title\",\"Introduction\",\"Originaltext\",\"File\",\"Direction\",\"Difficulty\",\"Type\",\"AuthorID\",\"State\"]}','[]',2,'2023-07-13 22:46:59','2023-07-28 03:10:28'),(187,'plugins::content-manager.explorer.read','application::corpus.corpus','{\"fields\":[\"Title\",\"Introduction\",\"Originaltext\",\"File\",\"Direction\",\"Difficulty\",\"Type\",\"AuthorID\",\"State\"]}','[]',2,'2023-07-13 22:46:59','2023-07-28 03:10:28'),(188,'plugins::content-manager.explorer.update','application::corpus.corpus','{\"fields\":[\"Title\",\"Introduction\",\"Originaltext\",\"File\",\"Direction\",\"Difficulty\",\"Type\",\"AuthorID\",\"State\"]}','[]',2,'2023-07-13 22:46:59','2023-07-28 03:10:28'),(189,'plugins::content-manager.explorer.delete','application::corpus.corpus','{}','[]',2,'2023-07-13 22:46:59','2023-07-13 22:46:59'),(190,'plugins::content-manager.explorer.publish','application::corpus.corpus','{}','[]',2,'2023-07-13 22:46:59','2023-07-13 22:46:59'),(191,'plugins::content-manager.explorer.create','application::exercises.exercises','{\"fields\":[\"StuID\"]}','[]',2,'2023-07-13 22:48:45','2023-08-27 23:15:39'),(192,'plugins::content-manager.explorer.read','application::exercises.exercises','{\"fields\":[\"StuID\"]}','[]',2,'2023-07-13 22:48:45','2023-08-27 23:15:39'),(193,'plugins::content-manager.explorer.update','application::exercises.exercises','{\"fields\":[\"StuID\"]}','[]',2,'2023-07-13 22:48:45','2023-08-27 23:15:39'),(194,'plugins::content-manager.explorer.delete','application::exercises.exercises','{}','[]',2,'2023-07-13 22:48:45','2023-07-13 22:48:45'),(195,'plugins::content-manager.explorer.publish','application::exercises.exercises','{}','[]',2,'2023-07-13 22:48:45','2023-07-13 22:48:45'),(374,'plugins::content-manager.explorer.create','application::tag.tag','{\"fields\":[\"tagName\",\"introduce\"]}','[]',1,'2023-08-02 08:55:11','2023-08-02 08:55:11'),(375,'plugins::content-manager.explorer.read','application::tag.tag','{\"fields\":[\"tagName\",\"introduce\"]}','[]',1,'2023-08-02 08:55:11','2023-08-02 08:55:11'),(376,'plugins::content-manager.explorer.update','application::tag.tag','{\"fields\":[\"tagName\",\"introduce\"]}','[]',1,'2023-08-02 08:55:11','2023-08-02 08:55:11'),(847,'plugins::content-manager.explorer.create','application::exercises.exercises','{\"fields\":[\"StuID\",\"Corpus\",\"StuFile\",\"AllScore\",\"IdentifyText\",\"Fluency\",\"Information\",\"Grammar\",\"Logical\",\"Pace\",\"Volume\",\"TeacherComments\",\"Skill\"]}','[]',1,'2023-12-15 22:51:42','2023-12-15 22:51:42'),(848,'plugins::content-manager.explorer.read','application::exercises.exercises','{\"fields\":[\"StuID\",\"Corpus\",\"StuFile\",\"AllScore\",\"IdentifyText\",\"Fluency\",\"Information\",\"Grammar\",\"Logical\",\"Pace\",\"Volume\",\"TeacherComments\",\"Skill\"]}','[]',1,'2023-12-15 22:51:42','2023-12-15 22:51:42'),(849,'plugins::content-manager.explorer.update','application::exercises.exercises','{\"fields\":[\"StuID\",\"Corpus\",\"StuFile\",\"AllScore\",\"IdentifyText\",\"Fluency\",\"Information\",\"Grammar\",\"Logical\",\"Pace\",\"Volume\",\"TeacherComments\",\"Skill\"]}','[]',1,'2023-12-15 22:51:42','2023-12-15 22:51:42'),(934,'plugins::content-manager.explorer.create','application::corpus.corpus','{\"fields\":[\"Title\",\"Introduction\",\"Originaltext\",\"File\",\"Direction\",\"Difficulty\",\"Type\",\"AuthorID\",\"Tag_ids\",\"State\",\"Published\"]}','[]',1,'2023-12-16 04:02:21','2023-12-16 04:02:22'),(935,'plugins::content-manager.explorer.read','application::corpus.corpus','{\"fields\":[\"Title\",\"Introduction\",\"Originaltext\",\"File\",\"Direction\",\"Difficulty\",\"Type\",\"AuthorID\",\"Tag_ids\",\"State\",\"Published\"]}','[]',1,'2023-12-16 04:02:21','2023-12-16 04:02:22'),(936,'plugins::content-manager.explorer.update','application::corpus.corpus','{\"fields\":[\"Title\",\"Introduction\",\"Originaltext\",\"File\",\"Direction\",\"Difficulty\",\"Type\",\"AuthorID\",\"Tag_ids\",\"State\",\"Published\"]}','[]',1,'2023-12-16 04:02:21','2023-12-16 04:02:22'),(944,'plugins::content-manager.explorer.delete','application::exercises.exercises','{}','[]',1,'2023-12-16 04:18:59','2023-12-16 04:18:59'),(945,'plugins::content-manager.explorer.delete','application::corpus.corpus','{}','[]',1,'2023-12-16 04:18:59','2023-12-16 04:18:59'),(946,'plugins::content-manager.explorer.delete','application::tag.tag','{}','[]',1,'2023-12-16 04:18:59','2023-12-16 04:18:59'),(947,'plugins::content-manager.explorer.delete','plugins::users-permissions.user','{}','[]',1,'2023-12-16 04:18:59','2023-12-16 04:18:59'),(948,'plugins::content-manager.explorer.publish','application::corpus.corpus','{}','[]',1,'2023-12-16 04:18:59','2023-12-16 04:18:59'),(949,'plugins::content-manager.explorer.publish','application::exercises.exercises','{}','[]',1,'2023-12-16 04:18:59','2023-12-16 04:18:59'),(950,'plugins::content-manager.explorer.publish','application::tag.tag','{}','[]',1,'2023-12-16 04:18:59','2023-12-16 04:18:59');
/*!40000 ALTER TABLE `strapi_permission` ENABLE KEYS */;
UNLOCK TABLES;

--
-- Table structure for table `strapi_role`
--

DROP TABLE IF EXISTS `strapi_role`;
/*!40101 SET @saved_cs_client     = @@character_set_client */;
/*!40101 SET character_set_client = utf8 */;
CREATE TABLE `strapi_role` (
  `id` int(10) unsigned NOT NULL AUTO_INCREMENT,
  `name` varchar(255) NOT NULL,
  `code` varchar(255) NOT NULL,
  `description` varchar(255) DEFAULT NULL,
  `created_at` timestamp NULL DEFAULT CURRENT_TIMESTAMP,
  `updated_at` timestamp NULL DEFAULT CURRENT_TIMESTAMP,
  PRIMARY KEY (`id`) USING BTREE,
  UNIQUE KEY `strapi_role_name_unique` (`name`) USING BTREE,
  UNIQUE KEY `strapi_role_code_unique` (`code`) USING BTREE
) ENGINE=InnoDB AUTO_INCREMENT=4 DEFAULT CHARSET=utf8 ROW_FORMAT=DYNAMIC;
/*!40101 SET character_set_client = @saved_cs_client */;

--
-- Dumping data for table `strapi_role`
--

LOCK TABLES `strapi_role` WRITE;
/*!40000 ALTER TABLE `strapi_role` DISABLE KEYS */;
INSERT INTO `strapi_role` VALUES (1,'Super Admin','strapi-super-admin','Super Admins can access and manage all features and settings.','2023-07-13 04:00:21','2023-07-13 04:00:21'),(2,'教师','strapi-editor','教师用户，能对管理自己的语料库，增删改查。\n还可以管理学生上交的所有练习作业，以及所有的素材库。\n','2023-07-13 04:00:21','2023-07-13 22:50:57'),(3,'学生','strapi-author','学生用户，能管理自己上传的作业和素材库。\n','2023-07-13 04:00:21','2023-07-13 22:50:33');
/*!40000 ALTER TABLE `strapi_role` ENABLE KEYS */;
UNLOCK TABLES;

--
-- Table structure for table `strapi_users_roles`
--

DROP TABLE IF EXISTS `strapi_users_roles`;
/*!40101 SET @saved_cs_client     = @@character_set_client */;
/*!40101 SET character_set_client = utf8 */;
CREATE TABLE `strapi_users_roles` (
  `id` int(10) unsigned NOT NULL AUTO_INCREMENT,
  `user_id` int(11) DEFAULT NULL,
  `role_id` int(11) DEFAULT NULL,
  PRIMARY KEY (`id`) USING BTREE
) ENGINE=InnoDB AUTO_INCREMENT=8 DEFAULT CHARSET=utf8 ROW_FORMAT=DYNAMIC;
/*!40101 SET character_set_client = @saved_cs_client */;

--
-- Dumping data for table `strapi_users_roles`
--

LOCK TABLES `strapi_users_roles` WRITE;
/*!40000 ALTER TABLE `strapi_users_roles` DISABLE KEYS */;
INSERT INTO `strapi_users_roles` VALUES (1,1,1),(5,4,3),(6,2,2),(7,3,2);
/*!40000 ALTER TABLE `strapi_users_roles` ENABLE KEYS */;
UNLOCK TABLES;

--
-- Table structure for table `strapi_webhooks`
--

DROP TABLE IF EXISTS `strapi_webhooks`;
/*!40101 SET @saved_cs_client     = @@character_set_client */;
/*!40101 SET character_set_client = utf8 */;
CREATE TABLE `strapi_webhooks` (
  `id` int(10) unsigned NOT NULL AUTO_INCREMENT,
  `name` varchar(255) DEFAULT NULL,
  `url` longtext,
  `headers` longtext,
  `events` longtext,
  `enabled` tinyint(1) DEFAULT NULL,
  PRIMARY KEY (`id`) USING BTREE
) ENGINE=InnoDB DEFAULT CHARSET=utf8 ROW_FORMAT=DYNAMIC;
/*!40101 SET character_set_client = @saved_cs_client */;

--
-- Dumping data for table `strapi_webhooks`
--

LOCK TABLES `strapi_webhooks` WRITE;
/*!40000 ALTER TABLE `strapi_webhooks` DISABLE KEYS */;
/*!40000 ALTER TABLE `strapi_webhooks` ENABLE KEYS */;
UNLOCK TABLES;

--
-- Table structure for table `tags`
--

DROP TABLE IF EXISTS `tags`;
/*!40101 SET @saved_cs_client     = @@character_set_client */;
/*!40101 SET character_set_client = utf8 */;
CREATE TABLE `tags` (
  `id` int(10) unsigned NOT NULL AUTO_INCREMENT,
  `tagName` varchar(255) DEFAULT NULL,
  `published_at` datetime DEFAULT NULL,
  `created_by` int(11) DEFAULT NULL,
  `updated_by` int(11) DEFAULT NULL,
  `created_at` timestamp NULL DEFAULT CURRENT_TIMESTAMP,
  `updated_at` timestamp NULL DEFAULT CURRENT_TIMESTAMP,
  `introduce` varchar(255) DEFAULT NULL,
  PRIMARY KEY (`id`) USING BTREE,
  UNIQUE KEY `tags_tagName_unique` (`tagName`) USING BTREE
) ENGINE=InnoDB AUTO_INCREMENT=39 DEFAULT CHARSET=utf8 ROW_FORMAT=DYNAMIC;
/*!40101 SET character_set_client = @saved_cs_client */;

--
-- Dumping data for table `tags`
--

LOCK TABLES `tags` WRITE;
/*!40000 ALTER TABLE `tags` DISABLE KEYS */;
INSERT INTO `tags` VALUES (3,'健康类','2023-07-13 16:44:34',1,1,'2023-07-13 08:44:31','2023-12-17 18:45:52','健康类的语料'),(4,'时政类','2023-07-13 16:45:17',1,1,'2023-07-13 08:45:14','2023-12-17 18:46:05','关于时政类的语料'),(5,'生活类','2023-07-13 16:45:27',1,1,'2023-07-13 08:45:25','2023-09-18 04:12:26','生活相关的语料资源'),(7,'话剧类','2023-08-02 18:28:59',NULL,NULL,'2023-08-02 10:28:59','2023-09-18 04:13:13','话剧相关的语料资源'),(8,'测试类','2023-08-28 11:22:48',NULL,NULL,'2023-08-28 03:22:48','2023-08-28 03:22:48','我是简介信息，负责介绍这个标签类的'),(13,'真题类','2023-09-18 12:08:48',NULL,NULL,'2023-09-18 04:08:48','2023-09-18 04:08:48','主要是历年真题');
/*!40000 ALTER TABLE `tags` ENABLE KEYS */;
UNLOCK TABLES;

--
-- Table structure for table `upload_file`
--

DROP TABLE IF EXISTS `upload_file`;
/*!40101 SET @saved_cs_client     = @@character_set_client */;
/*!40101 SET character_set_client = utf8 */;
CREATE TABLE `upload_file` (
  `id` int(10) unsigned NOT NULL AUTO_INCREMENT,
  `name` varchar(255) NOT NULL,
  `alternativeText` varchar(255) DEFAULT NULL,
  `caption` varchar(255) DEFAULT NULL,
  `width` int(11) DEFAULT NULL,
  `height` int(11) DEFAULT NULL,
  `formats` longtext,
  `hash` varchar(255) NOT NULL,
  `ext` varchar(255) DEFAULT NULL,
  `mime` varchar(255) NOT NULL,
  `size` decimal(10,2) NOT NULL,
  `url` varchar(255) NOT NULL,
  `previewUrl` varchar(255) DEFAULT NULL,
  `provider` varchar(255) NOT NULL,
  `provider_metadata` longtext,
  `created_by` int(11) DEFAULT NULL,
  `updated_by` int(11) DEFAULT NULL,
  `created_at` timestamp NULL DEFAULT CURRENT_TIMESTAMP,
  `updated_at` timestamp NULL DEFAULT CURRENT_TIMESTAMP,
  PRIMARY KEY (`id`) USING BTREE
) ENGINE=InnoDB AUTO_INCREMENT=59 DEFAULT CHARSET=utf8 ROW_FORMAT=DYNAMIC;
/*!40101 SET character_set_client = @saved_cs_client */;

--
-- Dumping data for table `upload_file`
--

LOCK TABLES `upload_file` WRITE;
/*!40000 ALTER TABLE `upload_file` DISABLE KEYS */;
INSERT INTO `upload_file` VALUES (1,'1中译英.mp3',NULL,NULL,NULL,NULL,NULL,'1_f510d0b6a5','.mp3','audio/mpeg',1305.48,'/uploads/1_f510d0b6a5.mp3',NULL,'local',NULL,1,1,'2023-09-18 04:23:42','2023-09-18 04:23:42'),(2,'2中译音.mp3',NULL,NULL,NULL,NULL,NULL,'2_29a800c93e','.mp3','audio/mpeg',1327.63,'/uploads/2_29a800c93e.mp3',NULL,'local',NULL,1,1,'2023-09-18 04:25:04','2023-09-18 04:25:04'),(3,'3英译中.mp3',NULL,NULL,NULL,NULL,NULL,'3_98f1c18ef8','.mp3','audio/mpeg',1658.24,'/uploads/3_98f1c18ef8.mp3',NULL,'local',NULL,1,1,'2023-09-18 04:26:38','2023-09-18 04:26:39'),(4,'4英译中.mp3',NULL,NULL,NULL,NULL,NULL,'4_6e9a65937d','.mp3','audio/mpeg',4497.28,'/uploads/4_6e9a65937d.mp3',NULL,'local',NULL,1,1,'2023-09-18 04:28:42','2023-09-18 04:28:42'),(5,'5中译英.mp3',NULL,NULL,NULL,NULL,NULL,'5_7d6807563c','.mp3','audio/mpeg',1579.24,'/uploads/5_7d6807563c.mp3',NULL,'local',NULL,1,1,'2023-09-18 04:29:28','2023-09-18 04:29:28'),(6,'6英译中.mp3',NULL,NULL,NULL,NULL,NULL,'6_939388fe73','.mp3','audio/mpeg',1870.98,'/uploads/6_939388fe73.mp3',NULL,'local',NULL,1,1,'2023-09-18 04:31:59','2023-09-18 04:31:59'),(7,'7英译中.mp3',NULL,NULL,NULL,NULL,NULL,'7_1dbcd69627','.mp3','audio/mpeg',1969.20,'/uploads/7_1dbcd69627.mp3',NULL,'local',NULL,1,1,'2023-09-18 04:32:34','2023-09-18 04:32:34'),(8,'8中译英.mp3',NULL,NULL,NULL,NULL,NULL,'8_770165d1c7','.mp3','audio/mpeg',1536.61,'/uploads/8_770165d1c7.mp3',NULL,'local',NULL,1,1,'2023-09-18 04:33:05','2023-09-18 04:33:05'),(9,'9中译英.mp3',NULL,NULL,NULL,NULL,NULL,'9_d77f108f0d','.mp3','audio/mpeg',1725.11,'/uploads/9_d77f108f0d.mp3',NULL,'local',NULL,1,1,'2023-09-18 04:33:45','2023-09-18 04:33:45'),(10,'10英译中.mp3',NULL,NULL,NULL,NULL,NULL,'10_44568e6b90','.mp3','audio/mpeg',1820.41,'/uploads/10_44568e6b90.mp3',NULL,'local',NULL,1,1,'2023-09-18 04:35:03','2023-09-18 04:35:03'),(11,'settlement-gives-activist-cody-wilson-right-to-share-plans-for-3d-printed-guns.mp3',NULL,NULL,NULL,NULL,NULL,'settlement_gives_activist_cody_wilson_right_to_share_plans_for_3d_printed_guns_7b11f6f3aa','.mp3','audio/mpeg',5594.82,'/uploads/settlement_gives_activist_cody_wilson_right_to_share_plans_for_3d_printed_guns_7b11f6f3aa.mp3',NULL,'local',NULL,1,1,'2023-09-18 04:44:28','2023-09-18 04:44:28'),(12,'settlement-gives-activist-cody-wilson-right-to-share-plans-for-3d-printed-guns.mp3',NULL,NULL,NULL,NULL,NULL,'settlement_gives_activist_cody_wilson_right_to_share_plans_for_3d_printed_guns_3c34a43eed','.mp3','audio/mpeg',5594.82,'/uploads/settlement_gives_activist_cody_wilson_right_to_share_plans_for_3d_printed_guns_3c34a43eed.mp3',NULL,'local',NULL,1,1,'2023-09-18 05:28:58','2023-09-18 05:28:58'),(13,'1.mp3',NULL,NULL,NULL,NULL,NULL,'1_05c0e2e029','.mp3','audio/mpeg',292.27,'/uploads/1_05c0e2e029.mp3',NULL,'local',NULL,1,1,'2023-09-18 05:37:08','2023-09-18 05:37:08'),(14,'2.mp3',NULL,NULL,NULL,NULL,NULL,'2_166a4fb961','.mp3','audio/mpeg',318.48,'/uploads/2_166a4fb961.mp3',NULL,'local',NULL,1,1,'2023-09-18 05:37:49','2023-09-18 05:37:49'),(15,'3.mp3',NULL,NULL,NULL,NULL,NULL,'3_9774433eea','.mp3','audio/mpeg',283.54,'/uploads/3_9774433eea.mp3',NULL,'local',NULL,1,1,'2023-09-18 05:39:02','2023-09-18 05:39:02'),(16,'4.mp3',NULL,NULL,NULL,NULL,NULL,'4_a3f7a6d101','.mp3','audio/mpeg',316.80,'/uploads/4_a3f7a6d101.mp3',NULL,'local',NULL,1,1,'2023-09-18 05:39:31','2023-09-18 05:39:31'),(17,'5.mp3',NULL,NULL,NULL,NULL,NULL,'5_b39b3724c6','.mp3','audio/mpeg',333.60,'/uploads/5_b39b3724c6.mp3',NULL,'local',NULL,1,1,'2023-09-18 05:40:12','2023-09-18 05:40:12'),(18,'6.mp3',NULL,NULL,NULL,NULL,NULL,'6_e18190f600','.mp3','audio/mpeg',269.86,'/uploads/6_e18190f600.mp3',NULL,'local',NULL,1,1,'2023-09-18 05:41:16','2023-09-18 05:41:16'),(19,'7.mp3',NULL,NULL,NULL,NULL,NULL,'7_3987a01035','.mp3','audio/mpeg',271.44,'/uploads/7_3987a01035.mp3',NULL,'local',NULL,1,1,'2023-09-18 05:41:39','2023-09-18 05:41:39'),(20,'8.mp3',NULL,NULL,NULL,NULL,NULL,'8_4afc29fe1f','.mp3','audio/mpeg',263.90,'/uploads/8_4afc29fe1f.mp3',NULL,'local',NULL,1,1,'2023-09-18 05:42:10','2023-09-18 05:42:10'),(21,'9.mp3',NULL,NULL,NULL,NULL,NULL,'9_dd2327020a','.mp3','audio/mpeg',286.94,'/uploads/9_dd2327020a.mp3',NULL,'local',NULL,1,1,'2023-09-18 05:42:48','2023-09-18 05:42:48'),(22,'10.mp3',NULL,NULL,NULL,NULL,NULL,'10_6f299b1360','.mp3','audio/mpeg',283.39,'/uploads/10_6f299b1360.mp3',NULL,'local',NULL,1,1,'2023-09-18 05:43:19','2023-09-18 05:43:19'),(27,'2.mp3',NULL,NULL,NULL,NULL,NULL,'2_83d0e85ca1','.mp3','audio/mpeg',811.09,'/uploads/2_83d0e85ca1.mp3',NULL,'local',NULL,1,1,'2023-09-21 04:40:20','2023-09-21 04:40:20'),(28,'2.mp3',NULL,NULL,NULL,NULL,NULL,'2_5470b01e18','.mp3','audio/mpeg',811.09,'/uploads/2_5470b01e18.mp3',NULL,'local',NULL,1,1,'2023-09-22 00:06:37','2023-09-22 00:06:37'),(29,'2.mp3',NULL,NULL,NULL,NULL,NULL,'2_ec78032d19','.mp3','audio/mpeg',811.09,'/uploads/2_ec78032d19.mp3',NULL,'local',NULL,1,1,'2023-09-22 00:16:47','2023-09-22 00:16:47'),(30,'2.mp3',NULL,NULL,NULL,NULL,NULL,'2_e115dd7b1a','.mp3','audio/mpeg',811.09,'/uploads/2_e115dd7b1a.mp3',NULL,'local',NULL,1,1,'2023-09-22 00:20:03','2023-09-22 00:20:03'),(31,'功能.png',NULL,NULL,184,206,'{\"thumbnail\":{\"name\":\"thumbnail_功能.png\",\"hash\":\"thumbnail__1964327e97\",\"ext\":\".png\",\"mime\":\"image/png\",\"width\":139,\"height\":156,\"size\":13.9,\"path\":null,\"url\":\"/uploads/thumbnail__1964327e97.png\"}}','_1964327e97','.png','image/png',20.22,'/uploads/_1964327e97.png',NULL,'local',NULL,1,1,'2023-12-14 23:01:42','2023-12-14 23:01:42'),(32,'1中译英.mp3',NULL,NULL,NULL,NULL,NULL,'1_80128512ec','.mp3','audio/mpeg',1305.48,'/uploads/1_80128512ec.mp3',NULL,'local',NULL,1,1,'2023-12-14 23:02:15','2023-12-14 23:02:15'),(33,'1中译英.mp3',NULL,NULL,NULL,NULL,NULL,'1_37c107bff3','.mp3','audio/mpeg',1305.48,'/uploads/1_37c107bff3.mp3',NULL,'local',NULL,1,1,'2023-12-14 23:07:29','2023-12-14 23:07:29'),(34,'listensource1.mp3',NULL,NULL,NULL,NULL,NULL,'listensource1_6ae9516a80','.mp3','audio/mpeg',811.09,'/uploads/listensource1_6ae9516a80.mp3',NULL,'local',NULL,1,1,'2023-12-14 23:15:22','2023-12-14 23:15:22'),(35,'listensource1.mp3',NULL,NULL,NULL,NULL,NULL,'listensource1_a029957d23','.mp3','audio/mpeg',811.09,'/uploads/listensource1_a029957d23.mp3',NULL,'local',NULL,1,1,'2023-12-14 23:53:04','2023-12-14 23:53:04'),(36,'listensource1.mp3',NULL,NULL,NULL,NULL,NULL,'listensource1_8b9bc5c18a','.mp3','audio/mpeg',811.09,'/uploads/listensource1_8b9bc5c18a.mp3',NULL,'local',NULL,1,1,'2023-12-14 23:55:39','2023-12-14 23:55:39'),(37,'1中译英.mp3',NULL,NULL,NULL,NULL,NULL,'1_8c2d1761f8','.mp3','audio/mpeg',1305.48,'/uploads/1_8c2d1761f8.mp3',NULL,'local',NULL,1,1,'2023-12-17 00:22:13','2023-12-17 00:22:13'),(38,'1中译英.mp3',NULL,NULL,NULL,NULL,NULL,'1_4c37d1538c','.mp3','audio/mpeg',1305.48,'/uploads/1_4c37d1538c.mp3',NULL,'local',NULL,1,1,'2023-12-17 00:22:19','2023-12-17 00:22:19'),(39,'1中译英.mp3',NULL,NULL,NULL,NULL,NULL,'1_2c5c103ea3','.mp3','audio/mpeg',1305.48,'/uploads/1_2c5c103ea3.mp3',NULL,'local',NULL,1,1,'2023-12-17 00:25:57','2023-12-17 00:25:57'),(40,'001 英译中-同传-东盟合作.mp3','','',NULL,NULL,NULL,'001_115c8a6412','.mp3','audio/mpeg',421.50,'/uploads/001_115c8a6412.mp3',NULL,'local',NULL,1,1,'2023-12-17 18:56:26','2023-12-17 18:56:26'),(41,'listensource1.mp3',NULL,NULL,NULL,NULL,NULL,'listensource1_7cb8321211','.mp3','audio/mpeg',811.09,'/uploads/listensource1_7cb8321211.mp3',NULL,'local',NULL,1,1,'2023-12-17 19:41:28','2023-12-17 19:41:28'),(42,'listensource1.mp3',NULL,NULL,NULL,NULL,NULL,'listensource1_82b991fc47','.mp3','audio/mpeg',811.09,'/uploads/listensource1_82b991fc47.mp3',NULL,'local',NULL,1,1,'2023-12-18 02:30:47','2023-12-18 02:30:47'),(43,'4. C-E 中国的5G技术 音频.mp3',NULL,NULL,NULL,NULL,NULL,'4_C_E_5_G_86bd042eb5','.mp3','audio/mpeg',932.21,'/uploads/4_C_E_5_G_86bd042eb5.mp3',NULL,'local',NULL,1,1,'2023-12-18 05:16:11','2023-12-18 05:16:11'),(44,'转译后.mp3',NULL,NULL,NULL,NULL,NULL,'_a3ced2a970','.mp3','audio/mpeg',1069.10,'/uploads/_a3ced2a970.mp3',NULL,'local',NULL,1,1,'2023-12-18 05:17:22','2023-12-18 05:17:22'),(45,'4. C-E 中国的5G技术 音频.mp3',NULL,NULL,NULL,NULL,NULL,'4_C_E_5_G_7a83ce58e6','.mp3','audio/mpeg',932.21,'/uploads/4_C_E_5_G_7a83ce58e6.mp3',NULL,'local',NULL,1,1,'2023-12-18 06:33:16','2023-12-18 06:33:16'),(46,'转译后.mp3',NULL,NULL,NULL,NULL,NULL,'_35ee5df9f6','.mp3','audio/mpeg',1069.10,'/uploads/_35ee5df9f6.mp3',NULL,'local',NULL,1,1,'2023-12-18 06:34:33','2023-12-18 06:34:33'),(47,'03_People in the News_Yo-Yo Ma.mp3',NULL,NULL,NULL,NULL,NULL,'03_People_in_the_News_Yo_Yo_Ma_3c263f097b','.mp3','audio/mpeg',4807.86,'/uploads/03_People_in_the_News_Yo_Yo_Ma_3c263f097b.mp3',NULL,'local',NULL,1,1,'2023-12-26 18:30:56','2023-12-26 18:30:56'),(48,'03_People in the News_Yo-Yo Ma.mp3',NULL,NULL,NULL,NULL,NULL,'03_People_in_the_News_Yo_Yo_Ma_66b47e0290','.mp3','audio/mpeg',4807.86,'/uploads/03_People_in_the_News_Yo_Yo_Ma_66b47e0290.mp3',NULL,'local',NULL,1,1,'2023-12-26 18:31:06','2023-12-26 18:31:06'),(49,'03_People in the News_Yo-Yo Ma.mp3',NULL,NULL,NULL,NULL,NULL,'03_People_in_the_News_Yo_Yo_Ma_5c89aa2efd','.mp3','audio/mpeg',4807.86,'/uploads/03_People_in_the_News_Yo_Yo_Ma_5c89aa2efd.mp3',NULL,'local',NULL,1,1,'2023-12-26 19:25:32','2023-12-26 19:25:32'),(50,'03_People in the News_Yo-Yo Ma.mp3',NULL,NULL,NULL,NULL,NULL,'03_People_in_the_News_Yo_Yo_Ma_b6865403df','.mp3','audio/mpeg',4807.86,'/uploads/03_People_in_the_News_Yo_Yo_Ma_b6865403df.mp3',NULL,'local',NULL,1,1,'2023-12-26 19:26:06','2023-12-26 19:26:06'),(51,'03_People in the News_Yo-Yo Ma.mp3',NULL,NULL,NULL,NULL,NULL,'03_People_in_the_News_Yo_Yo_Ma_207dbb8615','.mp3','audio/mpeg',4807.86,'/uploads/03_People_in_the_News_Yo_Yo_Ma_207dbb8615.mp3',NULL,'local',NULL,1,1,'2023-12-26 19:31:19','2023-12-26 19:31:19'),(52,'03_People in the News_Yo-Yo Ma.mp3',NULL,NULL,NULL,NULL,NULL,'03_People_in_the_News_Yo_Yo_Ma_0e91acb69d','.mp3','audio/mpeg',4807.86,'/uploads/03_People_in_the_News_Yo_Yo_Ma_0e91acb69d.mp3',NULL,'local',NULL,1,1,'2023-12-26 19:31:34','2023-12-26 19:31:34'),(53,'1.mp3',NULL,NULL,NULL,NULL,NULL,'1_9e3ec87de8','.mp3','audio/mpeg',292.27,'/uploads/1_9e3ec87de8.mp3',NULL,'local',NULL,1,1,'2023-12-27 03:03:22','2023-12-27 03:03:22'),(54,'8.mp3',NULL,NULL,NULL,NULL,NULL,'8_9099e4c53d','.mp3','audio/mpeg',263.90,'/uploads/8_9099e4c53d.mp3',NULL,'local',NULL,1,1,'2023-12-27 03:12:14','2023-12-27 03:12:14'),(55,'001 英译中-同传-东盟合作.mp3',NULL,NULL,NULL,NULL,NULL,'001_c745ad1ead','.mp3','audio/mpeg',421.50,'/uploads/001_c745ad1ead.mp3',NULL,'local',NULL,1,1,'2023-12-27 19:17:45','2023-12-27 19:17:45'),(56,'001 英译中-同传-东盟合作.mp3',NULL,NULL,NULL,NULL,NULL,'001_7e586569fd','.mp3','audio/mpeg',421.50,'/uploads/001_7e586569fd.mp3',NULL,'local',NULL,1,1,'2023-12-27 20:08:11','2023-12-27 20:08:11'),(57,'001 英译中-同传-东盟合作.mp3',NULL,NULL,NULL,NULL,NULL,'001_09f7dbc177','.mp3','audio/mpeg',421.50,'/uploads/001_09f7dbc177.mp3',NULL,'local',NULL,1,1,'2023-12-27 22:44:53','2023-12-27 22:44:53'),(58,'001 英译中-同传-东盟合作.mp3',NULL,NULL,NULL,NULL,NULL,'001_0dcd3e3005','.mp3','audio/mpeg',421.50,'/uploads/001_0dcd3e3005.mp3',NULL,'local',NULL,1,1,'2023-12-27 22:47:11','2023-12-27 22:47:11');
/*!40000 ALTER TABLE `upload_file` ENABLE KEYS */;
UNLOCK TABLES;

--
-- Table structure for table `upload_file_morph`
--

DROP TABLE IF EXISTS `upload_file_morph`;
/*!40101 SET @saved_cs_client     = @@character_set_client */;
/*!40101 SET character_set_client = utf8 */;
CREATE TABLE `upload_file_morph` (
  `id` int(10) unsigned NOT NULL AUTO_INCREMENT,
  `upload_file_id` int(11) DEFAULT NULL,
  `related_id` int(11) DEFAULT NULL,
  `related_type` longtext,
  `field` longtext,
  `order` int(11) DEFAULT NULL,
  PRIMARY KEY (`id`) USING BTREE
) ENGINE=InnoDB AUTO_INCREMENT=161 DEFAULT CHARSET=utf8 ROW_FORMAT=DYNAMIC;
/*!40101 SET character_set_client = @saved_cs_client */;

--
-- Dumping data for table `upload_file_morph`
--

LOCK TABLES `upload_file_morph` WRITE;
/*!40000 ALTER TABLE `upload_file_morph` DISABLE KEYS */;
INSERT INTO `upload_file_morph` VALUES (68,55,36,'corpuses','File',1),(69,56,37,'corpuses','File',1),(70,57,38,'corpuses','File',1),(71,58,39,'corpuses','File',1),(72,59,40,'corpuses','File',1),(73,60,41,'corpuses','File',1),(74,61,42,'corpuses','File',1),(75,62,43,'corpuses','File',1),(76,63,44,'corpuses','File',1),(77,64,45,'corpuses','File',1),(82,14,2,'exercises','StuFile',1),(83,15,3,'exercises','StuFile',1),(84,16,4,'exercises','StuFile',1),(85,17,5,'exercises','StuFile',1),(86,18,6,'exercises','StuFile',1),(87,19,7,'exercises','StuFile',1),(88,20,8,'exercises','StuFile',1),(89,21,9,'exercises','StuFile',1),(103,14,2,'corpuses','File',1),(105,16,4,'corpuses','File',1),(106,17,5,'corpuses','File',1),(108,19,7,'corpuses','File',1),(112,13,1,'exercises','StuFile',1),(113,22,10,'exercises','StuFile',1),(118,27,14,'exercises','StuFile',1),(119,28,15,'exercises','StuFile',1),(120,29,16,'exercises','StuFile',1),(121,30,17,'exercises','StuFile',1),(132,39,18,'exercises','StuFile',1),(133,40,18,'corpuses','File',1),(135,42,19,'exercises','StuFile',1),(139,15,3,'corpuses','File',1),(140,13,1,'corpuses','File',1),(141,22,10,'corpuses','File',1),(142,21,9,'corpuses','File',1),(143,20,8,'corpuses','File',1),(144,18,6,'corpuses','File',1),(146,44,20,'exercises','StuFile',1),(147,45,21,'corpuses','File',1),(148,46,21,'exercises','StuFile',1),(149,47,22,'exercises','StuFile',1),(150,48,23,'exercises','StuFile',1),(151,49,24,'exercises','StuFile',1),(152,50,25,'exercises','StuFile',1),(153,51,26,'exercises','StuFile',1),(154,52,27,'exercises','StuFile',1),(155,53,28,'exercises','StuFile',1),(156,54,29,'exercises','StuFile',1),(160,58,25,'corpuses','File',1);
/*!40000 ALTER TABLE `upload_file_morph` ENABLE KEYS */;
UNLOCK TABLES;

--
-- Table structure for table `users-permissions_permission`
--

DROP TABLE IF EXISTS `users-permissions_permission`;
/*!40101 SET @saved_cs_client     = @@character_set_client */;
/*!40101 SET character_set_client = utf8 */;
CREATE TABLE `users-permissions_permission` (
  `id` int(10) unsigned NOT NULL AUTO_INCREMENT,
  `type` varchar(255) NOT NULL,
  `controller` varchar(255) NOT NULL,
  `action` varchar(255) NOT NULL,
  `enabled` tinyint(1) NOT NULL,
  `policy` varchar(255) DEFAULT NULL,
  `role` int(11) DEFAULT NULL,
  `created_by` int(11) DEFAULT NULL,
  `updated_by` int(11) DEFAULT NULL,
  PRIMARY KEY (`id`) USING BTREE
) ENGINE=InnoDB AUTO_INCREMENT=223 DEFAULT CHARSET=utf8 ROW_FORMAT=DYNAMIC;
/*!40101 SET character_set_client = @saved_cs_client */;

--
-- Dumping data for table `users-permissions_permission`
--

LOCK TABLES `users-permissions_permission` WRITE;
/*!40000 ALTER TABLE `users-permissions_permission` DISABLE KEYS */;
INSERT INTO `users-permissions_permission` VALUES (1,'content-manager','collection-types','bulkdelete',0,'',1,NULL,NULL),(2,'content-manager','collection-types','create',0,'',1,NULL,NULL),(3,'content-manager','collection-types','bulkdelete',0,'',2,NULL,NULL),(4,'content-manager','collection-types','create',0,'',2,NULL,NULL),(5,'content-manager','collection-types','find',0,'',1,NULL,NULL),(6,'content-manager','collection-types','find',0,'',2,NULL,NULL),(7,'content-manager','collection-types','findone',0,'',1,NULL,NULL),(8,'content-manager','collection-types','delete',0,'',2,NULL,NULL),(9,'content-manager','collection-types','findone',0,'',2,NULL,NULL),(10,'content-manager','collection-types','delete',0,'',1,NULL,NULL),(11,'content-manager','collection-types','previewmanyrelations',0,'',1,NULL,NULL),(12,'content-manager','collection-types','previewmanyrelations',0,'',2,NULL,NULL),(13,'content-manager','collection-types','publish',0,'',1,NULL,NULL),(14,'content-manager','collection-types','unpublish',0,'',1,NULL,NULL),(15,'content-manager','collection-types','unpublish',0,'',2,NULL,NULL),(16,'content-manager','components','findcomponentconfiguration',0,'',1,NULL,NULL),(17,'content-manager','collection-types','publish',0,'',2,NULL,NULL),(18,'content-manager','collection-types','update',0,'',1,NULL,NULL),(19,'content-manager','collection-types','update',0,'',2,NULL,NULL),(20,'content-manager','components','findcomponentconfiguration',0,'',2,NULL,NULL),(21,'content-manager','components','findcomponents',0,'',1,NULL,NULL),(22,'content-manager','components','findcomponents',0,'',2,NULL,NULL),(23,'content-manager','components','updatecomponentconfiguration',0,'',1,NULL,NULL),(24,'content-manager','components','updatecomponentconfiguration',0,'',2,NULL,NULL),(25,'content-manager','content-types','findcontenttypeconfiguration',0,'',1,NULL,NULL),(26,'content-manager','content-types','findcontenttypeconfiguration',0,'',2,NULL,NULL),(27,'content-manager','content-types','findcontenttypes',0,'',1,NULL,NULL),(28,'content-manager','content-types','findcontenttypes',0,'',2,NULL,NULL),(29,'content-manager','content-types','findcontenttypessettings',0,'',1,NULL,NULL),(30,'content-manager','content-types','findcontenttypessettings',0,'',2,NULL,NULL),(31,'content-manager','content-types','updatecontenttypeconfiguration',0,'',1,NULL,NULL),(32,'content-manager','content-types','updatecontenttypeconfiguration',0,'',2,NULL,NULL),(33,'content-manager','relations','find',0,'',1,NULL,NULL),(34,'content-manager','relations','find',0,'',2,NULL,NULL),(35,'content-manager','single-types','createorupdate',0,'',1,NULL,NULL),(36,'content-manager','single-types','createorupdate',0,'',2,NULL,NULL),(37,'content-manager','single-types','delete',0,'',1,NULL,NULL),(38,'content-manager','single-types','delete',0,'',2,NULL,NULL),(39,'content-manager','single-types','find',0,'',1,NULL,NULL),(40,'content-manager','single-types','find',0,'',2,NULL,NULL),(41,'content-manager','single-types','publish',0,'',1,NULL,NULL),(42,'content-manager','single-types','publish',0,'',2,NULL,NULL),(43,'content-manager','single-types','unpublish',0,'',1,NULL,NULL),(44,'content-manager','single-types','unpublish',0,'',2,NULL,NULL),(45,'content-manager','uid','checkuidavailability',0,'',1,NULL,NULL),(46,'content-manager','uid','checkuidavailability',0,'',2,NULL,NULL),(47,'content-manager','uid','generateuid',0,'',1,NULL,NULL),(48,'content-manager','uid','generateuid',0,'',2,NULL,NULL),(49,'content-type-builder','builder','getreservednames',0,'',1,NULL,NULL),(50,'content-type-builder','builder','getreservednames',0,'',2,NULL,NULL),(51,'content-type-builder','componentcategories','deletecategory',0,'',1,NULL,NULL),(52,'content-type-builder','componentcategories','editcategory',0,'',1,NULL,NULL),(53,'content-type-builder','componentcategories','deletecategory',0,'',2,NULL,NULL),(54,'content-type-builder','componentcategories','editcategory',0,'',2,NULL,NULL),(55,'content-type-builder','components','createcomponent',0,'',1,NULL,NULL),(56,'content-type-builder','components','createcomponent',0,'',2,NULL,NULL),(57,'content-type-builder','components','deletecomponent',0,'',1,NULL,NULL),(58,'content-type-builder','components','deletecomponent',0,'',2,NULL,NULL),(59,'content-type-builder','components','getcomponent',0,'',1,NULL,NULL),(60,'content-type-builder','components','getcomponent',0,'',2,NULL,NULL),(61,'content-type-builder','components','getcomponents',0,'',1,NULL,NULL),(62,'content-type-builder','components','getcomponents',0,'',2,NULL,NULL),(63,'content-type-builder','components','updatecomponent',0,'',1,NULL,NULL),(64,'content-type-builder','components','updatecomponent',0,'',2,NULL,NULL),(65,'content-type-builder','connections','getconnections',0,'',1,NULL,NULL),(66,'content-type-builder','connections','getconnections',0,'',2,NULL,NULL),(67,'content-type-builder','contenttypes','createcontenttype',0,'',1,NULL,NULL),(68,'content-type-builder','contenttypes','createcontenttype',0,'',2,NULL,NULL),(69,'content-type-builder','contenttypes','deletecontenttype',0,'',1,NULL,NULL),(70,'content-type-builder','contenttypes','deletecontenttype',0,'',2,NULL,NULL),(71,'content-type-builder','contenttypes','getcontenttype',0,'',1,NULL,NULL),(72,'content-type-builder','contenttypes','getcontenttype',0,'',2,NULL,NULL),(73,'content-type-builder','contenttypes','getcontenttypes',0,'',1,NULL,NULL),(74,'content-type-builder','contenttypes','getcontenttypes',0,'',2,NULL,NULL),(75,'content-type-builder','contenttypes','updatecontenttype',0,'',1,NULL,NULL),(76,'content-type-builder','contenttypes','updatecontenttype',0,'',2,NULL,NULL),(77,'email','email','getsettings',0,'',1,NULL,NULL),(78,'email','email','getsettings',0,'',2,NULL,NULL),(79,'email','email','send',0,'',1,NULL,NULL),(80,'email','email','send',0,'',2,NULL,NULL),(81,'email','email','test',0,'',1,NULL,NULL),(82,'email','email','test',0,'',2,NULL,NULL),(83,'i18n','content-types','getnonlocalizedattributes',0,'',1,NULL,NULL),(84,'i18n','content-types','getnonlocalizedattributes',0,'',2,NULL,NULL),(85,'i18n','iso-locales','listisolocales',0,'',2,NULL,NULL),(86,'i18n','locales','createlocale',0,'',1,NULL,NULL),(87,'i18n','locales','createlocale',0,'',2,NULL,NULL),(88,'i18n','iso-locales','listisolocales',0,'',1,NULL,NULL),(89,'i18n','locales','deletelocale',0,'',1,NULL,NULL),(90,'i18n','locales','deletelocale',0,'',2,NULL,NULL),(91,'i18n','locales','listlocales',0,'',1,NULL,NULL),(92,'i18n','locales','listlocales',0,'',2,NULL,NULL),(93,'i18n','locales','updatelocale',0,'',1,NULL,NULL),(94,'i18n','locales','updatelocale',0,'',2,NULL,NULL),(95,'upload','upload','count',1,'',1,NULL,NULL),(96,'upload','upload','count',0,'',2,NULL,NULL),(97,'upload','upload','destroy',1,'',1,NULL,NULL),(98,'upload','upload','destroy',0,'',2,NULL,NULL),(99,'upload','upload','find',1,'',1,NULL,NULL),(100,'upload','upload','find',1,'',2,NULL,NULL),(101,'upload','upload','findone',1,'',1,NULL,NULL),(102,'upload','upload','findone',0,'',2,NULL,NULL),(103,'upload','upload','getsettings',1,'',1,NULL,NULL),(104,'upload','upload','getsettings',0,'',2,NULL,NULL),(105,'upload','upload','search',1,'',1,NULL,NULL),(106,'upload','upload','search',0,'',2,NULL,NULL),(107,'upload','upload','updatesettings',1,'',1,NULL,NULL),(108,'upload','upload','updatesettings',0,'',2,NULL,NULL),(109,'upload','upload','upload',1,'',1,NULL,NULL),(110,'upload','upload','upload',0,'',2,NULL,NULL),(111,'users-permissions','auth','callback',0,'',1,NULL,NULL),(112,'users-permissions','auth','callback',1,'',2,NULL,NULL),(113,'users-permissions','auth','connect',1,'',1,NULL,NULL),(114,'users-permissions','auth','connect',1,'',2,NULL,NULL),(115,'users-permissions','auth','emailconfirmation',0,'',1,NULL,NULL),(116,'users-permissions','auth','emailconfirmation',1,'',2,NULL,NULL),(117,'users-permissions','auth','forgotpassword',0,'',1,NULL,NULL),(118,'users-permissions','auth','forgotpassword',1,'',2,NULL,NULL),(119,'users-permissions','auth','register',0,'',1,NULL,NULL),(120,'users-permissions','auth','register',1,'',2,NULL,NULL),(121,'users-permissions','auth','resetpassword',0,'',1,NULL,NULL),(122,'users-permissions','auth','resetpassword',1,'',2,NULL,NULL),(123,'users-permissions','auth','sendemailconfirmation',0,'',1,NULL,NULL),(124,'users-permissions','auth','sendemailconfirmation',0,'',2,NULL,NULL),(125,'users-permissions','user','count',0,'',1,NULL,NULL),(126,'users-permissions','user','count',1,'',2,NULL,NULL),(127,'users-permissions','user','create',1,'',1,NULL,NULL),(128,'users-permissions','user','create',0,'',2,NULL,NULL),(129,'users-permissions','user','destroy',0,'',1,NULL,NULL),(130,'users-permissions','user','destroy',0,'',2,NULL,NULL),(131,'users-permissions','user','destroyall',0,'',1,NULL,NULL),(132,'users-permissions','user','destroyall',0,'',2,NULL,NULL),(133,'users-permissions','user','find',0,'',1,NULL,NULL),(134,'users-permissions','user','find',0,'',2,NULL,NULL),(135,'users-permissions','user','findone',0,'',1,NULL,NULL),(136,'users-permissions','user','findone',0,'',2,NULL,NULL),(137,'users-permissions','user','me',1,'',1,NULL,NULL),(138,'users-permissions','user','me',1,'',2,NULL,NULL),(139,'users-permissions','user','update',0,'',1,NULL,NULL),(140,'users-permissions','user','update',0,'',2,NULL,NULL),(141,'users-permissions','userspermissions','createrole',0,'',1,NULL,NULL),(142,'users-permissions','userspermissions','createrole',0,'',2,NULL,NULL),(143,'users-permissions','userspermissions','deleterole',0,'',1,NULL,NULL),(144,'users-permissions','userspermissions','deleterole',0,'',2,NULL,NULL),(145,'users-permissions','userspermissions','getadvancedsettings',0,'',1,NULL,NULL),(146,'users-permissions','userspermissions','getadvancedsettings',0,'',2,NULL,NULL),(147,'users-permissions','userspermissions','getemailtemplate',0,'',1,NULL,NULL),(148,'users-permissions','userspermissions','getemailtemplate',0,'',2,NULL,NULL),(149,'users-permissions','userspermissions','getpermissions',0,'',1,NULL,NULL),(150,'users-permissions','userspermissions','getpermissions',0,'',2,NULL,NULL),(151,'users-permissions','userspermissions','getpolicies',0,'',1,NULL,NULL),(152,'users-permissions','userspermissions','getpolicies',0,'',2,NULL,NULL),(153,'users-permissions','userspermissions','getproviders',0,'',1,NULL,NULL),(154,'users-permissions','userspermissions','getproviders',0,'',2,NULL,NULL),(155,'users-permissions','userspermissions','getrole',0,'',1,NULL,NULL),(156,'users-permissions','userspermissions','getrole',0,'',2,NULL,NULL),(157,'users-permissions','userspermissions','getroles',0,'',1,NULL,NULL),(158,'users-permissions','userspermissions','getroles',0,'',2,NULL,NULL),(159,'users-permissions','userspermissions','getroutes',0,'',1,NULL,NULL),(160,'users-permissions','userspermissions','getroutes',0,'',2,NULL,NULL),(161,'users-permissions','userspermissions','index',0,'',1,NULL,NULL),(162,'users-permissions','userspermissions','index',0,'',2,NULL,NULL),(163,'users-permissions','userspermissions','searchusers',0,'',1,NULL,NULL),(164,'users-permissions','userspermissions','searchusers',0,'',2,NULL,NULL),(165,'users-permissions','userspermissions','updateadvancedsettings',0,'',1,NULL,NULL),(166,'users-permissions','userspermissions','updateadvancedsettings',0,'',2,NULL,NULL),(167,'users-permissions','userspermissions','updateemailtemplate',0,'',1,NULL,NULL),(168,'users-permissions','userspermissions','updateemailtemplate',0,'',2,NULL,NULL),(169,'users-permissions','userspermissions','updateproviders',0,'',1,NULL,NULL),(170,'users-permissions','userspermissions','updateproviders',0,'',2,NULL,NULL),(171,'users-permissions','userspermissions','updaterole',0,'',1,NULL,NULL),(172,'users-permissions','userspermissions','updaterole',0,'',2,NULL,NULL),(173,'application','corpus','count',1,'',1,NULL,NULL),(174,'application','corpus','count',1,'',2,NULL,NULL),(175,'application','corpus','create',1,'',1,NULL,NULL),(176,'application','corpus','create',0,'',2,NULL,NULL),(177,'application','corpus','delete',0,'',2,NULL,NULL),(178,'application','corpus','delete',1,'',1,NULL,NULL),(179,'application','corpus','find',1,'',1,NULL,NULL),(180,'application','corpus','find',1,'',2,NULL,NULL),(181,'application','corpus','findone',1,'',1,NULL,NULL),(182,'application','corpus','findone',1,'',2,NULL,NULL),(183,'application','corpus','update',1,'',1,NULL,NULL),(184,'application','corpus','update',0,'',2,NULL,NULL),(185,'application','tag','count',1,'',1,NULL,NULL),(186,'application','tag','count',1,'',2,NULL,NULL),(187,'application','tag','create',1,'',1,NULL,NULL),(188,'application','tag','create',0,'',2,NULL,NULL),(189,'application','tag','delete',1,'',1,NULL,NULL),(190,'application','tag','delete',0,'',2,NULL,NULL),(191,'application','tag','find',1,'',1,NULL,NULL),(192,'application','tag','find',1,'',2,NULL,NULL),(193,'application','tag','findone',1,'',1,NULL,NULL),(194,'application','tag','findone',1,'',2,NULL,NULL),(195,'application','tag','update',1,'',1,NULL,NULL),(196,'application','tag','update',0,'',2,NULL,NULL),(197,'documentation','documentation','deletedoc',0,'',1,NULL,NULL),(198,'documentation','documentation','deletedoc',0,'',2,NULL,NULL),(199,'documentation','documentation','getinfos',0,'',1,NULL,NULL),(200,'documentation','documentation','getinfos',0,'',2,NULL,NULL),(201,'documentation','documentation','index',0,'',1,NULL,NULL),(202,'documentation','documentation','index',0,'',2,NULL,NULL),(203,'documentation','documentation','login',0,'',1,NULL,NULL),(204,'documentation','documentation','login',0,'',2,NULL,NULL),(205,'documentation','documentation','loginview',0,'',1,NULL,NULL),(206,'documentation','documentation','loginview',0,'',2,NULL,NULL),(207,'documentation','documentation','updatesettings',0,'',1,NULL,NULL),(208,'documentation','documentation','regeneratedoc',0,'',1,NULL,NULL),(209,'documentation','documentation','regeneratedoc',0,'',2,NULL,NULL),(210,'documentation','documentation','updatesettings',0,'',2,NULL,NULL),(211,'application','exercises','count',1,'',1,NULL,NULL),(212,'application','exercises','count',1,'',2,NULL,NULL),(213,'application','exercises','create',1,'',1,NULL,NULL),(214,'application','exercises','create',0,'',2,NULL,NULL),(215,'application','exercises','delete',1,'',1,NULL,NULL),(216,'application','exercises','delete',0,'',2,NULL,NULL),(217,'application','exercises','find',1,'',1,NULL,NULL),(218,'application','exercises','find',1,'',2,NULL,NULL),(219,'application','exercises','findone',1,'',1,NULL,NULL),(220,'application','exercises','findone',1,'',2,NULL,NULL),(221,'application','exercises','update',1,'',1,NULL,NULL),(222,'application','exercises','update',1,'',2,NULL,NULL);
/*!40000 ALTER TABLE `users-permissions_permission` ENABLE KEYS */;
UNLOCK TABLES;

--
-- Table structure for table `users-permissions_role`
--

DROP TABLE IF EXISTS `users-permissions_role`;
/*!40101 SET @saved_cs_client     = @@character_set_client */;
/*!40101 SET character_set_client = utf8 */;
CREATE TABLE `users-permissions_role` (
  `id` int(10) unsigned NOT NULL AUTO_INCREMENT,
  `name` varchar(255) NOT NULL,
  `description` varchar(255) DEFAULT NULL,
  `type` varchar(255) DEFAULT NULL,
  `created_by` int(11) DEFAULT NULL,
  `updated_by` int(11) DEFAULT NULL,
  PRIMARY KEY (`id`) USING BTREE,
  UNIQUE KEY `users-permissions_role_type_unique` (`type`) USING BTREE
) ENGINE=InnoDB AUTO_INCREMENT=3 DEFAULT CHARSET=utf8 ROW_FORMAT=DYNAMIC;
/*!40101 SET character_set_client = @saved_cs_client */;

--
-- Dumping data for table `users-permissions_role`
--

LOCK TABLES `users-permissions_role` WRITE;
/*!40000 ALTER TABLE `users-permissions_role` DISABLE KEYS */;
INSERT INTO `users-permissions_role` VALUES (1,'Authenticated','Default role given to authenticated user.','authenticated',NULL,NULL),(2,'Public','Default role given to unauthenticated user.','public',NULL,NULL);
/*!40000 ALTER TABLE `users-permissions_role` ENABLE KEYS */;
UNLOCK TABLES;

--
-- Table structure for table `users-permissions_user`
--

DROP TABLE IF EXISTS `users-permissions_user`;
/*!40101 SET @saved_cs_client     = @@character_set_client */;
/*!40101 SET character_set_client = utf8 */;
CREATE TABLE `users-permissions_user` (
  `id` int(10) unsigned NOT NULL AUTO_INCREMENT,
  `username` varchar(255) NOT NULL,
  `email` varchar(255) NOT NULL,
  `provider` varchar(255) DEFAULT NULL,
  `password` varchar(255) DEFAULT NULL,
  `resetPasswordToken` varchar(255) DEFAULT NULL,
  `confirmationToken` varchar(255) DEFAULT NULL,
  `confirmed` tinyint(1) DEFAULT NULL,
  `blocked` tinyint(1) DEFAULT NULL,
  `role` int(11) DEFAULT NULL,
  `created_by` int(11) DEFAULT NULL,
  `updated_by` int(11) DEFAULT NULL,
  `created_at` timestamp NULL DEFAULT CURRENT_TIMESTAMP,
  `updated_at` timestamp NULL DEFAULT CURRENT_TIMESTAMP,
  PRIMARY KEY (`id`) USING BTREE,
  UNIQUE KEY `users-permissions_user_username_unique` (`username`) USING BTREE
) ENGINE=InnoDB AUTO_INCREMENT=3 DEFAULT CHARSET=utf8 ROW_FORMAT=DYNAMIC;
/*!40101 SET character_set_client = @saved_cs_client */;

--
-- Dumping data for table `users-permissions_user`
--

LOCK TABLES `users-permissions_user` WRITE;
/*!40000 ALTER TABLE `users-permissions_user` DISABLE KEYS */;
INSERT INTO `users-permissions_user` VALUES (1,'后端访问用户','001@qq.com','local','$2a$10$h7votF0HcdEqBRAKcWj0KuoCZInwckudzSIa4U36OYWLRGfU2690G',NULL,NULL,1,0,1,1,1,'2023-07-13 04:09:39','2023-07-13 04:39:40'),(2,'访问用户','123@qq.com','local','$2a$10$ZE.7WpC2b3lnp4gP23iHXugADByXdM5iw12gjJUrQxAykKoYSByW6',NULL,NULL,1,0,2,1,1,'2023-07-13 04:18:54','2023-07-13 04:39:54');
/*!40000 ALTER TABLE `users-permissions_user` ENABLE KEYS */;
UNLOCK TABLES;

--
-- Dumping events for database 'corpusall'
--

--
-- Dumping routines for database 'corpusall'
--
/*!40103 SET TIME_ZONE=@OLD_TIME_ZONE */;

/*!40101 SET SQL_MODE=@OLD_SQL_MODE */;
/*!40014 SET FOREIGN_KEY_CHECKS=@OLD_FOREIGN_KEY_CHECKS */;
/*!40014 SET UNIQUE_CHECKS=@OLD_UNIQUE_CHECKS */;
/*!40101 SET CHARACTER_SET_CLIENT=@OLD_CHARACTER_SET_CLIENT */;
/*!40101 SET CHARACTER_SET_RESULTS=@OLD_CHARACTER_SET_RESULTS */;
/*!40101 SET COLLATION_CONNECTION=@OLD_COLLATION_CONNECTION */;
/*!40111 SET SQL_NOTES=@OLD_SQL_NOTES */;

-- Dump completed on 2024-01-01 19:31:51
